date,cci,year,month,quarter,indiesleaze_score,lipstickindex_score,maxiskirt_score,bigbag_score,highheelindex_score,peplums_score,blazers_score,mini_score,luxury_ratio,category_concentration,affordability_index,economic_period,is_recession,retail_sales_clothing,ecommerce_transactions,beauty_sales,accessories_sales,fashion_sales
,100.8491,,,,-1.343573306231235,-0.3493514826000473,-0.9457430470771652,-1.4557903570829935,-1.1298266216366517,-0.6034181220595345,-0.8755766689117914,-0.7420377710051854,0.032909617392596735,0.3722083689502166,7.352036421803751,Unknown,False,,,,,
,100.8355,,,,-1.4805126896112892,-0.2897779045394317,-0.9457482027066464,-1.5052966676939816,-1.433856687049389,-0.6034181220595345,-0.8756066981242943,-0.7107008569820629,0.015539611380791095,0.45280807006019685,7.65086396315645,Unknown,False,,,,,
,100.7913,,,,-1.4736260041800304,-0.3344500966838206,-0.9457430470771652,-0.8619470274189415,-1.5899403898890565,-0.6034181220595345,-0.8755916835180428,-1.0242633424850434,0.021448628424969463,0.4140509101620739,8.622053472551707,Unknown,False,,,,,
,100.7505,,,,-1.5080573278893392,-0.2451188305026451,-0.9457430470771652,-1.5052544135725625,-1.5314095885111931,-0.6034181220595345,-0.8756217120672978,-0.9877866457521058,0.0,0.4684876761401626,9.518536096609177,Unknown,False,,,,,
,100.7282,,,,-1.501172745905066,-0.2599808612931452,-0.9457430470771652,-1.5052755406332718,-1.4810161273999272,-0.6034181220595345,-0.8756217120672978,-0.9513099490191684,0.003428424181437697,0.4569520619056785,10.0085253739739,Unknown,False,,,,,
,100.7717,,,,-1.5149440133205982,-0.4089287550199206,-0.9457482027066464,-1.3567988629217267,-1.0799830658980147,-0.6034181220595345,-0.8756517412798007,-0.4042078007396566,0.04402174939519043,0.4134885301432879,9.052716693912847,Unknown,False,,,,,
,100.8285,,,,-1.375970744152046,-0.3791222888282095,-0.9457533583361272,-1.059866634559346,-1.3464674077178111,-0.6034181220595345,-0.8756066981242943,-0.9513099490191684,0.028901922239689543,0.33844066507512216,7.804672256499424,Unknown,False,,,,,
,100.8303,,,,-1.3917780008030616,-0.289791022647034,-0.9457482027066464,-0.9114110839085102,-1.5118985384692227,-0.6034181220595345,-0.8755466396992885,-0.465706299742799,0.05247125902095765,0.42473108423615985,7.765121552497141,Unknown,False,,,,,
,100.8061,,,,-1.3780046299405435,-0.0962102919015963,-0.9457430470771652,-0.9114110839085102,-1.1970867207516094,-0.6034181220595345,-0.8755466396992885,-1.097216735950918,0.04771844817698316,0.3948536694174104,8.296858795197695,Unknown,False,,,,,
,100.81,,,,-1.3561434353713175,-0.0962102919015963,-0.9457378914476844,-0.466053204897754,-0.6751966584735337,-0.6034181220595345,-0.8754865819375307,-0.3080360375488876,0.12502075777573063,0.3955491317105871,8.211165603192175,Unknown,False,,,,,
,100.8644,,,,-1.3265628078577842,-0.2748728234610273,-0.9457430470771652,-0.3670405836757777,-1.258261934167751,-0.6034181220595345,-0.8754715673312792,-1.097216735950918,0.06319536899242895,0.394464347206723,7.015855437782316,Unknown,False,,,,,
,100.9582,,,,-1.3002193078551838,-0.3492990093667184,-0.9457430470771652,0.375300549414428,-0.9912146006232496,-0.6034181220595345,-0.8754115095695214,-0.9877866457521058,0.10974119149629996,0.521930924493861,4.9548243069837055,Unknown,False,,,,,
,101.0323,,,,-1.4144683460191498,-0.2450925934845206,-0.9457378914476844,-0.0206442988238278,-0.74388340639667,-0.6034181220595345,-0.8755466396992885,-0.5613344873326069,0.12137620942348146,0.43030040643028367,3.3266536588794713,Unknown,False,,,,,
,101.011,,,,-1.3946207743809664,-0.0961840548834718,-0.9457378914476844,-0.3670617107364874,-1.1103155715946806,-0.6034181220595345,-0.8755316250930371,-1.2066507948905347,0.06967508141734824,0.44055806708793654,3.7946703229096608,Unknown,False,,,,,
,100.8773,,,,-1.4262093245123704,-0.2897779045394317,-0.9457430470771652,0.0288408847264506,-1.1277872534209463,-0.6034181220595345,-0.8755316250930371,-0.844614601159062,0.09207347678133915,0.46321923091578215,6.732408725764133,Unknown,False,,,,,
,100.7314,,,,-1.4124380570968382,-0.2897779045394317,-0.9457378914476844,0.0288408847264506,-1.253593589013892,-0.6034181220595345,-0.8755916835180428,-0.8382493870777128,0.08747778712966933,0.4765468204193058,9.938213011302897,Unknown,False,,,,,
,100.6746,,,,-1.4173111195970547,-0.2897647856289095,-0.9457430470771652,-0.0206231717631182,-1.3921925236752182,-0.6034181220595345,-0.8755766689117914,-0.7716612076931871,0.08198664166755333,0.4877144512059936,11.186257448716006,Unknown,False,,,,,
,100.7139,,,,-1.5080573278893392,-0.3642303266603273,-0.9457533583361272,-0.1691209765353731,-1.4137405931848448,-0.6034181220595345,-0.8756217120672978,-0.4601270762492577,0.08095301243678964,0.4850033889981332,10.322733744660802,Unknown,False,,,,,
,100.6771,,,,-1.4379690724438456,-0.3642434447679295,-0.9457482027066464,0.4247434801893883,-0.9653614152454222,-0.6034181220595345,-0.8755916835180428,-1.0607400392179809,0.10319759219261318,0.5627692636436825,11.13132591537921,Unknown,False,,,,,
,100.4738,,,,-1.3589841981697366,-0.2451188305026451,-0.9457430470771652,0.7217091883853366,-1.035526458739079,-0.6034181220595345,-0.8755316250930371,-0.0888867160729652,0.16391554838898933,0.6631447253414504,15.598358206331739,Unknown,False,,,,,
,100.2284,,,,-1.3755982391631736,-0.2451319486102473,-0.9457430470771652,0.1278112518270076,-1.2556198708775217,-0.6034181220595345,-0.8755466396992885,-0.3532908594404531,0.11631597552891397,0.517878887781799,20.990437518676917,Unknown,False,,,,,
,100.2087,,,,-1.344007678252284,-0.2600070983112696,-0.9457378914476844,-0.0206442988238278,-0.982835445819737,-0.6034181220595345,-0.8755166111500335,-0.1523197999345805,0.13118437649833523,0.46732569964082404,21.42329800137129,Unknown,False,,,,,
,100.4345,,,,-1.3339042208350471,-0.3493252455819229,-0.9457378914476844,-0.1196146659243851,-0.7603525225320074,-0.6034181220595345,-0.8754865819375307,-0.289916403749739,0.12713013177819352,0.4001778170919554,16.461881910386943,Unknown,False,,,,,
,100.7531,,,,-1.3043271901877005,-0.379096051810085,-0.9457378914476844,0.3258153658641497,-0.6327696998118257,-0.6034181220595345,-0.8754565527250278,-0.5692781856681841,0.13988756634385105,0.4773745838938417,9.461407301938833,Unknown,False,,,,,
,100.9735,,,,-1.307169963765605,-0.2004466383582563,-0.9457378914476844,-0.4165257672260561,-0.945447127953449,-0.6034181220595345,-0.8755766689117914,-0.7260381148755617,0.09485027073045835,0.3459858239595647,4.618643322962271,Unknown,False,,,,,
,101.0192,,,,-1.3654968851929228,-0.2599939802036674,-0.9457327358182032,-0.6639728120381585,-0.8370100818560563,-0.6034181220595345,-0.8755616543055399,-0.5636891680244803,0.09074184536144779,0.32569468758811554,3.614494893564748,Unknown,False,,,,,
,100.9796,,,,-1.3594185701907855,-0.2451057123950429,-0.9457378914476844,-0.3175554001254992,-0.9540740333598312,-0.6034181220595345,-0.8755916835180428,-0.926303600708942,0.08585905463772373,0.3693946424886749,4.484610381620281,Unknown,False,,,,,
,100.8748,,,,-1.319738082126202,-0.2302006313166384,-0.9457378914476844,-0.4165257672260561,-1.2838733050086628,-0.6034181220595345,-0.8756217120672978,-0.2453407610369809,0.09919294216318537,0.43432855670047593,6.787340259101245,Unknown,False,,,,,
,100.7045,,,,-1.3533590246269034,-0.3046792904556585,-0.9457378914476844,-0.3670405836757777,-1.1638667499098936,-0.6034181220595345,-0.8756367266735491,-0.3724257766878458,0.09633672292078464,0.3961274631945631,10.529276310007342,Unknown,False,,,,,
,100.6121,,,,-1.316895308548297,-0.3046924085632607,-0.9457482027066464,-0.5649813178768919,-1.3364138535032506,-0.6034181220595345,-0.8756517412798007,-0.3901750807203624,0.08104401176638397,0.39434751272267976,12.559545782137233,Unknown,False,,,,,
,100.5865,,,,-1.2107944677040154,-0.3195843707311429,-0.9457430470771652,-0.3175131473501813,-1.347943354540282,-0.6034181220595345,-0.8756517412798007,-0.3695033398891767,0.09616339579493306,0.40752314926450534,13.122044683506504,Unknown,False,,,,,
,100.6138,,,,-1.0504147315122412,-0.3940367928520384,-0.9457378914476844,-0.3669560767790405,-1.1893199807410983,-0.6034181220595345,-0.8756217120672978,0.061818609634461,0.12339484384601652,0.4210024634492391,12.522192339468182,Unknown,False,,,,,
,100.7571,,,,-0.9872090472715352,-0.2898041407546362,-0.9457327358182032,-0.268049089514511,-0.9934590581149056,-0.6034181220595345,-0.8755916835180428,-0.4421038682381763,0.12158303397160462,0.3129969794494839,9.37351684860008,Unknown,False,,,,,
,100.9613,,,,-0.9232006929148788,-0.3344632147914229,-0.9457327358182032,-0.5649813178768919,-0.7413494508188011,-0.6034181220595345,-0.8755466396992885,0.2344357060098948,0.14988582176931292,0.3941835314006122,4.88670920564625,Unknown,False,,,,,
,101.0749,,,,-0.9726106399886264,-0.3195843707311429,-0.9457378914476844,-0.4165046401653465,-0.9607924843334216,-0.6034181220595345,-0.8755466396992885,-0.1060580241573882,0.13049905895345085,0.33821782669199046,2.3906203308197167,Unknown,False,,,,,
,101.1291,,,,-1.067402770913751,-0.2748728234610273,-0.9457378914476844,0.3258364929248593,-0.8396595161167137,-0.6034181220595345,-0.875501596543782,-0.0105003316956726,0.17001170289208037,0.49991253552049764,1.1997046880769522,Unknown,False,,,,,
,101.1371,,,,-1.1111291816111746,-0.3642434447679295,-0.9457327358182032,-0.5649601908161823,-0.9977695008200104,-0.6034181220595345,-0.8756066981242943,-0.563765978068505,0.09457791675627432,0.2632274816267804,1.0239237813988205,Unknown,False,,,,,
,101.0739,,,,-1.1180158670424334,-0.3642303266603273,-0.9457327358182032,-0.6144665014271705,-0.8291406449003073,-0.6034181220595345,-0.8756367266735491,-0.3659981134270962,0.10805255822619535,0.27304876529892186,2.4125929441545613,Unknown,False,,,,,
,100.9943,,,,-1.1909468960658316,-0.3344238596656961,-0.9457378914476844,-0.5154750072659037,-1.1695614847107834,-0.6034181220595345,-0.8756217120672978,-0.1890442693783219,0.1033757804810431,0.37503548416724397,4.161612965599816,Unknown,False,,,,,
,100.9702,,,,-1.1763427884697513,-0.3489579313427803,-0.9457275801887224,-0.5154750072659037,-1.220008344752994,-0.6034181220595345,-0.8756367266735491,-0.0968980088054233,0.10519122803908518,0.39905600212892767,4.691152946966821,Unknown,False,,,,,
,100.9881,,,,-1.1694561030384925,-0.3340303084084291,-0.9457327358182032,-0.6544497303428891,-1.3722916273498451,-0.6034181220595345,-0.8756367266735491,-0.3123345419213478,0.08411401947933805,0.3786346949351945,4.29784316827504,Unknown,False,,,,,
,100.9631,,,,-1.1358331497583054,-0.3637843013668113,-0.9457327358182032,-0.7503003446700341,-1.1543668973700898,-0.6034181220595345,-0.8756367266735491,0.1511653085370067,0.1097361806164382,0.4369137744889316,4.847158501643654,Unknown,False,,,,,
,100.9196,,,,-1.0742894563450098,-0.3192826486358515,-0.9457378914476844,-0.354343140966718,-1.2144233732532457,-0.6034181220595345,-0.8756367266735491,-0.2137086731369258,0.1130861596914625,0.3791326504533469,5.802967181704707,Unknown,False,,,,,
,100.7676,,,,-0.9434846473535974,-0.3492071802047428,-0.9457327358182032,-0.1932746545035598,-1.091767079279294,-0.6034181220595345,-0.8756367266735491,-0.2480431192267908,0.1283120988829621,0.3549960055962256,9.142804408585148,Unknown,False,,,,,
,100.5712,,,,-0.935770822054962,-0.3045743431860806,-0.9383470828044036,-0.3912365157653836,-0.9900484841554914,-0.6034181220595345,-0.8756066981242943,-0.1595987333667991,0.13057086928795805,0.32956265626296255,13.458225667527937,Unknown,False,,,,,
,100.3328,,,,-0.8596231137130861,-0.3046136983118073,-0.9457275801887224,-0.4007384703999435,-0.8686683745649639,-0.6034181220595345,-0.8756066981242943,-0.0075661228457248,0.14503014935291422,0.34068783345071624,18.696496686529827,Unknown,False,,,,,
,100.0589,,,,-0.7831029003823375,-0.2748334683353006,-0.8762990415692495,-0.338576971201315,-0.8475313018205116,-0.6034181220595345,-0.8755616543055399,-0.2787122195079359,0.14450533325568227,0.273502520765339,24.71479547891526,Unknown,False,,,,,
,99.8483,,,,-0.6660750591196288,-0.2897123123955806,-0.9457275801887224,0.202627940959378,-0.6419042789324476,-0.6034181220595345,-0.8755466396992885,-0.3556564527505289,0.17504726259452838,0.36897874759179006,29.342227847211404,Unknown,False,,,,,
,99.63045,,,,-0.7385513605970231,-0.2152824329335518,-0.9457224245592414,-0.249108560081419,-0.8300572712461969,-0.6034181220595345,-0.8756066981242943,-0.2040346776980668,0.1539055617853336,0.3146768094703352,34.128961662184395,Unknown,False,,,,,
,99.32162,,,,-0.7632532252971682,-0.1855022029570452,-0.9457224245592414,-0.357538629041218,-0.9870031836152594,-0.6034181220595345,-0.8755916835180428,-0.303565448338388,0.13826503785084715,0.31264788024832746,40.91476383835203,Unknown,False,,,,,
,98.95058,,,,-0.8155241980267897,-0.2003941651249274,-0.8531408211315353,-0.103806243383664,-0.9530657522872552,-0.6034181220595345,-0.8756217120672978,-0.4155668879017649,0.14700467160779798,0.32754962698148515,49.06748229007367,Unknown,False,,,,,
,98.49242,,,,-0.8434433520731981,-0.3344238596656961,-0.8531356658869464,-0.2090619513296726,-1.032115884779665,-0.6034181220595345,-0.8756066981242943,-0.3843502052470997,0.13331133944039114,0.30280370254625555,59.13445481551811,Unknown,False,,,,,
,98.04234,,,,-0.8572167229357159,-0.2748465872458229,-0.8531356658869464,-0.3975429836715448,-1.1356133157787522,-0.6034181220595345,-0.8756217120672978,-0.4286098462164037,0.12068596673914463,0.29765791443185385,69.0238886252177,Unknown,False,,,,,
,97.69081,,,,-0.8653045466424241,-0.2897647856289095,-0.8762835750656988,-0.2459341990676287,-1.2516666374619023,-0.6034181220595345,-0.8755916835180428,-0.4154642528853011,0.12079799156822572,0.3493729333254744,76.74792139077864,Unknown,False,,,,,
,97.58231,,,,-0.6758024146818069,-0.3344500966838206,-0.8226124145684641,-0.1932746545035598,-1.0380604143169478,-0.6034181220595345,-0.8756217120672978,-0.3210647413284538,0.14510220306426025,0.3015219686704463,79.13194993759771,Unknown,False,,,,,
,97.66558,,,,-0.4489982114838632,-0.2897779045394317,-0.8531408211315353,-0.0353382749327728,-0.9004771316986261,-0.6034181220595345,-0.8756217120672978,-0.2331981094287785,0.17224103683714367,0.3302742179214425,77.30229042521397,Unknown,False,,,,,
,97.67867,,,,-0.4327621904574708,-0.125990521878103,-0.8457603237472165,-0.539713193476929,-0.8206587931515567,-0.6034181220595345,-0.8756066981242943,-0.1712355090155567,0.16462645104722293,0.29439332190436446,77.01466891666242,Unknown,False,,,,,
,97.41298,,,,-0.4076802023432955,-0.1855415580827718,-0.9457069580556904,-0.4934234966550491,-0.6396274890613999,-0.6034181220595345,-0.8755466396992885,-0.0768905736242867,0.17276853705746273,0.3046929151690707,82.85257255356922,Unknown,False,,,,,
,97.16837,,,,-0.2395845374059003,-0.1855284391722496,-0.9457172689297604,-0.2301665341699577,-0.5658994469802696,-0.6034181220595345,-0.8755316250930371,-0.2745178360120882,0.18613383001563288,0.30338426159567483,88.22729350138006,Unknown,False,,,,,
,97.03234,,,,-0.28218852818632,-0.2450663572693162,-0.8762887303102876,0.060457731153994,-0.663191816101654,-0.6034181220595345,-0.8754865819375307,-0.2980353947303865,0.1920953523611092,0.3341025319351205,91.21622809330448,Unknown,False,,,,,
,96.9688,,,,-0.3760692859074507,-0.2004204013401318,-0.8299877567081941,-0.4344363584702106,-0.7384488993216758,-0.6034181220595345,-0.8755616543055399,-0.3365966666437526,0.16550478323589984,0.24902683262873865,92.61236794459391,Unknown,False,,,,,
,96.97824,,,,-0.4749094429124006,-0.2897647856289095,-0.8068295362704798,-0.6355514523390138,-0.7231058916897524,-0.0902270555189833,-0.8755766689117914,-0.3858186993881484,0.17042348052905923,0.27234615726567396,92.40494647471402,Unknown,False,,,,,
,97.20629,,,,-0.4785788389973965,-0.3195450156054162,-0.8457448572436657,-0.539713193476929,-0.8167381967298539,-0.5723336116045755,-0.8755466396992885,-0.1043463181189536,0.15865383081126386,0.27232029061621865,87.39409200372674,Unknown,False,,,,,
,97.66534,,,,-0.5806321711221382,-0.304653053437534,-0.7762959740779276,-0.3386192253227343,-0.8344704108965396,-0.6034181220595345,-0.8755466396992885,-0.2402222256925791,0.15859683713742184,0.2506522690076864,77.30756385241442,Unknown,False,,,,,
,98.12306,,,,-0.4457850363640717,-0.304653053437534,-0.8152164506805946,-0.3386192253227343,-1.0058994701161794,-0.1543759388365522,-0.8755916835180428,-0.348437126171997,0.17012813634771537,0.31521554606328145,67.25025927683753,Unknown,False,,,,,
,98.46567,,,,-0.4275917444606411,-0.3493252455819229,-0.8152319171841453,-0.2859808078193751,-1.085720157411298,-0.6034181220595345,-0.8755916835180428,-0.2199508504213806,0.15386083358548636,0.31429434302877624,59.72222222222223,Unknown,False,,,,,
,98.68877,,,,-0.3846980812762658,-0.3344369777732984,-0.8457654793766975,-0.335444864308944,-0.9581480722951432,-0.6034181220595345,-0.8755916835180428,-0.4056375585217388,0.1503690007515233,0.2642709283673677,54.820132187241775,Unknown,False,,,,,
,98.89773,,,,-0.0749458210887904,-0.3046661723480562,-0.8457603237472165,-0.2827853197448752,-0.8742607170351406,-0.5567913563770961,-0.8755316250930371,-0.4006136378445345,0.17331102599993134,0.31029008325597385,50.2287349048148,Unknown,False,,,,,
,99.11938,,,,-0.1886797580937764,-0.3344500966838206,-0.8068346918999607,-0.4807894337820169,-0.7425122006529608,-0.5567913563770961,-0.6767280109317151,-0.0410931149908793,0.1901540145285948,0.2722934768601326,45.358505159169525,Unknown,False,,,,,
,99.21873,,,,-0.1311819873133207,-0.304653053437534,-0.8994108617265272,-0.3912998956014112,-0.7289456801482732,-0.5723336116045755,-0.8754565527250278,-0.2538845051276235,0.17584040314384344,0.29316816019243847,43.175526024363435,Unknown,False,,,,,
,99.24712,,,,-0.1380686727445796,-0.2748597053534251,-0.8920406756011702,-0.3291791540458329,-0.6878865605966762,-0.6034181220595345,-0.8754715673312792,0.3012260066922982,0.20441949453747715,0.40746762622880367,42.551723531790145,Unknown,False,,,,,
,99.30729,,,,0.0267350987145785,-0.230174395101434,-0.8531253546279844,0.0330678074682574,-0.553350927266635,-0.5723336116045755,-0.875366465750767,-0.4466235545695542,0.20565952066313675,0.35375224691898716,41.22963138743888,Unknown,False,,,,,
,99.37518,,,,-0.3000058109021919,-0.3195318974978139,-0.8457397016141847,-0.4744814707435877,-0.717056621073707,-0.5567913563770961,-0.875501596543782,-0.3253355067630665,0.1646569393895556,0.2369843402790449,39.737910668143286,Unknown,False,,,,,
,99.39132,,,,-0.3218690162509038,-0.3195450156054162,-0.8225866368059513,-0.5176601863877052,-0.6995718528953658,-0.5412491011496166,-0.8755166111500335,-0.5401548991739306,0.1549326438572141,0.2076808216603527,39.38327268892074,Unknown,False,,,,,
,99.38895,,,,-0.3765260242329404,-0.2748465872458229,-0.8225814811764703,-0.4155365853340674,-0.9326891260822904,-0.5723336116045755,-0.6766679531699573,-0.3607699248632049,0.1638959230698458,0.2381052087574327,39.43534778252405,Unknown,False,,,,,
,99.36604,,,,-0.5037395454700172,-0.2897516675213073,-0.799428416368237,-0.3196983264719827,-0.8151175008642759,-0.5567913563770961,-0.6767129969887116,-0.3761360825640497,0.16800696768079101,0.20745073589304977,39.93874035402285,Unknown,False,,,,,
,99.31453,,,,-0.5073287297773673,-0.2897516675213073,-0.7762908184484467,-0.4650006431697376,-0.9057045053641456,-0.5567913563770961,-0.8755616543055399,-0.057445512482192,0.16381230746183897,0.29350374787627215,41.07054966689514,Unknown,False,,,,,
,99.26768,,,,-0.6576071119988907,-0.2748728234610273,-0.7920685415018421,-0.4681538771228182,-0.8403125481031096,-0.5567913563770961,-0.8756367266735491,1.304577408260014,0.2191480290714317,0.7161865872944106,42.09996660162783,Unknown,False,,,,,
,99.21994,,,,-0.5697015738375252,-0.3195581345159384,-0.7920788527608041,-0.5608177763172142,-0.6752366664378783,-0.5567913563770961,-0.7165797657327323,-0.2711128298568211,0.16259510139100314,0.18243958807307,43.148939162228395,Unknown,False,,,,,
,99.23846,,,,-0.3615474008685017,-0.2897647856289095,-0.8152216063100756,-0.4618262821559473,-0.594396960466157,-0.5567913563770961,-0.7164896787584715,-0.3556266340614618,0.1760795422600991,0.18561176173621538,42.74200636326881,Unknown,False,,,,,
,99.2652,,,,-0.5089063946006606,-0.3195712526235406,-0.8457397016141847,-0.6198049145020523,-0.5542675536125249,-0.5567913563770961,-0.8755316250930371,-0.438769530801033,0.15140174597905706,0.19002915037410154,42.154458682698106,Unknown,False,,,,,
,99.30903,,,,-0.3594551522465138,-0.2748859423715495,-0.8688772995339751,-0.567187624059403,-0.3671302133417797,-0.5567913563770961,-0.7163995917842108,-0.1961708313185469,0.18671916720598322,0.22989156450015708,41.191399040236156,Unknown,False,,,,,
,99.38902,,,,-0.2812770623148264,-0.2450925934845206,-0.8688824551634561,-0.4186686935725397,-0.4284612180195793,-0.5567913563770961,-0.6964760765383081,-0.178632702558125,0.19683061413571115,0.23678437642406874,39.43380969959044,Unknown,False,,,,,
,99.42262,,,,-0.2148603064013143,-0.1557088540700162,-0.8614916465201753,-0.1491278840281633,-0.2542343042480519,-0.5412491011496166,-0.6567144093747997,-0.1455467998468402,0.22705634006009007,0.2766134703281008,38.69552989154335,Unknown,False,,,,,
,99.38183,,,,-0.0528185793821299,-0.2152693140230296,-0.8078153307783518,-0.4060557577602172,-0.4287086640079238,-0.2365419053911644,-0.6567294233178033,-0.4138861129581497,0.21667208832386475,0.24337396904985062,39.591792789467405,Unknown,False,,,,,
,99.27272,,,,-0.098100288598406,-0.2152824329335518,-0.7625207738171621,-0.4586941752635763,-0.4930946889444323,-0.52569219723672,-0.7363080924238619,-0.4667342839818851,0.19325990937088608,0.22786296437352976,41.98922463042056,Unknown,False,,,,,
,99.04582,,,,-0.0608058357862373,-0.2152693140230296,-0.7477546234190435,-0.3039321567065796,-0.5128508362266985,-0.2049477806488756,-0.6567744671365576,-0.4591217353155077,0.2191223317378196,0.23885557629820486,46.974810596072984,Unknown,False,,,,,
,98.91441,,,,-0.0267245580938602,-0.2152824329335518,-0.6866874990339393,-0.5144646996593066,-0.3919807490984597,-0.1889105598194833,-0.6169977847035498,-0.4544763639436587,0.22198829698262926,0.22742704017003643,49.86223171439117,Unknown,False,,,,,
,98.90597,,,,-0.1364932089364376,-0.215295551041154,-0.6719368155242637,-0.455562067025104,-0.6456173533999318,-0.1728733389900912,-0.6368659664969066,-0.3992002961916687,0.21162890187336464,0.222444076547103,50.047680570936535,Unknown,False,,,,,
,98.82299,,,,-0.1725037835557399,-0.2748597053534251,-0.69510534722094,-0.4586941752635763,-0.9447208900664394,-0.3006907887087333,-0.6767430255379666,-0.4194297862302899,0.18516084596496826,0.2598172294005513,51.870968025453045,Unknown,False,,,,,
,98.58913,,,,0.1689402148730114,-0.2897516675213073,-0.695100191591459,-0.3533962131961483,-0.9642319401084098,-0.1728733389900912,-0.8755466396992885,-0.4059212426914304,0.20058633637659373,0.3784217428733001,57.0094833799154,Unknown,False,,,,,
,98.31213,,,,0.4241161962163812,-0.2599677431855429,-0.6488247177802192,-0.211247130451474,-0.7676101823979854,-0.4946076867817611,-0.6368659664969066,-0.4813777568860817,0.2228202680156102,0.3781956269768407,63.09589727363829,Unknown,False,,,,,
,98.20346,,,,0.599558881776711,-0.2302006313166384,-0.7034716391131308,-0.455562067025104,-0.8355418106185376,-0.2856288503977495,-0.6964460479890533,-0.3042513865684554,0.22998566717296834,0.4492146412557387,65.48366116472421,Unknown,False,,,,,
,98.21943,,,,0.7007809598076047,-0.1855284391722496,-0.7108263587349368,-0.498761909729931,-0.305199880223054,-0.2219749326820934,-0.5770606679007318,-0.0575113010356447,0.2758649052741642,0.43550437383958435,65.13275852976851,Unknown,False,,,,,
,98.35287,,,,0.774915137885938,-0.1706233588967651,-0.7866493222591977,-0.1270960053457504,-0.2571902988096463,-0.2545443399427906,-0.4776438462138194,-0.3090206403221811,0.28665506845754085,0.4465750049717853,62.200733006381014,Unknown,False,,,,,
,98.53907,,,,1.5219181814086549,-0.0961446997577451,-0.7561054488076836,0.3835853811045668,-0.2289368646785049,-0.4479662724139058,0.2627024190404031,-0.2001183230675712,0.37562569677958435,0.6951232983104062,58.10943240345251,Unknown,False,,,,,
,98.7452,,,,1.69911982823281,-0.0514987446314807,-0.671900726502789,-0.1828665297414805,-0.1776113421212248,-0.1272218558260613,0.1527069441400082,-0.491596529893626,0.363028399797751,0.7255036482419247,53.5802176167626,Unknown,False,,,,,
,98.89159,,,,1.840129086636845,0.0080654096807902,-0.658145053243043,-0.1828876568021902,-0.114414544337552,0.1234780362775124,0.2176586002860748,-0.3393707806092208,0.39542899067063253,0.7505815848451839,50.36364675069015,Unknown,False,,,,,
,98.95768,,,,1.3312332559180573,-0.0365805454454741,-0.5759531649897404,-0.2292196063993882,-0.1610562866408487,0.0904136634149024,-0.5969541539341314,-0.3759242624103591,0.33246260762955765,0.6154209561087779,48.911476735397144,Unknown,False,,,,,
,98.95599,,,,1.2255064134818483,-0.0663607754219807,-0.4474692405198506,-0.1545070560921967,-0.163082568504478,0.3581407075516938,0.1726154447796594,-0.2489312531685429,0.3859267289502142,0.5237075725970496,48.94861045193278,Unknown,False,,,,,
,98.92139,,,,1.1498153507979625,-0.0365936643559964,-0.4337352852949329,-0.2197810302547546,-0.3493009336812847,0.3911904317288867,-0.6169527415480435,-0.3856831962203962,0.3347664360250256,0.5772951060626283,49.708862873314715,Unknown,False,,,,,
,98.82849,,,,1.0728383991417243,-0.0812789746079874,-0.4042339178906895,-0.2755093018751668,-0.2361444922471368,0.2623976994918362,-0.5573126022941387,-0.2954185766070453,0.33417436560591596,0.5191030165294545,51.75011865211203,Unknown,False,,,,,
,98.77732,,,,1.737617430099914,-0.0365936643559964,-0.420987402164654,-0.0681088658148106,-0.3732305341407207,0.3070739001374576,-0.6368359372844036,-0.2332072168355793,0.368531358659127,0.7451328211007229,52.874457276450634,Unknown,False,,,,,
,98.77785,,,,2.1304849058659547,-0.0812789746079874,-0.4874067233789343,-0.1143985612905893,-0.3011332122581702,0.6510419722913252,-0.6367158217608879,-0.3069860055488367,0.3936508918227454,0.9039064521538387,52.862811791383265,Unknown,False,,,,,
,98.82154,,,,2.0283873584926178,-0.0366067824635986,-0.471623566724399,-0.2997671186685323,-0.2720199173456827,1.1485113290540043,0.1628276560032426,-0.2705179555738243,0.4430129252882206,0.8804333559021319,51.90282831478854,Unknown,False,,,,,
,98.88181,,,,2.083502598219344,-0.0217148202957164,-0.5843194568819311,-0.4672069480061474,-0.1138968462903103,1.039191279488901,0.2026446572825449,-0.2717739957191372,0.4376765431619314,0.9002808822835163,50.578538909103735,Unknown,False,,,,,
,98.89039,,,,2.346042451511918,0.0676426821006635,-0.660147576035673,-0.1144619424727182,-0.1401263473058714,0.9424876375960526,0.0881578958916438,-0.2709137006361307,0.45472723790949654,0.9493431130362254,50.390013886691776,Unknown,False,,,,,
,98.8409,,,,2.7856364556026776,0.0378849947830236,-0.6601424204061921,0.2540929834259022,0.0139334224182156,0.9740671136529244,0.2379000240125436,-0.2296516245396411,0.5049350117002619,1.059865748077532,51.47743852062785,Unknown,False,,,,,
,98.90736,,,,2.296361084112184,0.0080785277883924,-0.5306531744274107,-0.2197387774794366,-0.1424108127618718,0.8963411888301096,0.06831974331079,-0.4713584834225918,0.4393506355032267,0.941137076059945,50.01713863840123,Unknown,False,,,,,
,99.02441,,,,2.1748289958044453,0.0229704899562746,-0.4337043515180471,-0.3619089872848207,0.1002120283465044,1.0683252249070434,0.0881578958916438,-0.6273308912461613,0.4448542221757948,0.9324517491604973,47.445244247569825,Unknown,False,,,,,
,99.13401,,,,2.1625322977698342,-0.0068265524870919,-0.2629350878770525,-0.2628963660628444,0.0730692676186521,1.4001865036759868,0.1827361566428937,-0.5335440835713072,0.47618504082303104,0.9374627926413557,45.037045826082355,Unknown,False,,,,,
,99.24032,,,,1.4848913618206208,-0.0514856265238785,-0.1059307132378617,-0.3618456061026917,-0.0561288401999843,1.2408042265858898,0.0183820301682534,-0.4692263502796115,0.43041879318349396,0.7321146266343235,42.701137302466336,Unknown,False,,,,,
,99.38569,,,,1.1883749123647425,-0.0365936643559964,0.0047572205259006,-0.2534140420106249,-0.2078910581159955,1.368607027619115,-0.6169076977292891,-0.454148922951411,0.3997006631599421,0.7423652473391968,39.50697850199524,Unknown,False,,,,,
,99.51501,,,,0.8493149384089204,-0.0812789746079874,0.0268780901609331,-0.2966138847154517,-0.0016113078560601,0.961960320268,-0.636850951890655,-0.3373660399592144,0.3776034156490087,0.5646838913769303,36.66548014554657,Unknown,False,,,,,
,99.6199,,,,1.0866737297039184,-0.0366199005712008,-0.0321607332841362,-0.2965716305940324,-0.1003303257856228,0.7554416632081349,-0.7164146063904622,-0.4226283789087658,0.36686487050704464,0.6019929439313916,34.36077273286578,Unknown,False,,,,,
,99.63353,,,,1.556492193955571,-0.0217279384033186,-0.1650107817187789,-0.2839375677210003,-0.0369753879922429,0.946898381957016,-0.6566843801622969,-0.3277052289083033,0.4005076770581628,0.7406314436555536,34.06128601311346,Unknown,False,,,,,
,99.58079,,,,1.4503725836730343,-0.0515249816496052,-0.2914558160180128,-0.2965927576547421,-0.0027774243238184,0.9303808442111282,0.0333966364196962,-0.4757916643173863,0.41288132025872143,0.6721292477864828,35.22012164038763,Unknown,False,,,,,
,99.50854,,,,1.7014823795261091,-0.0515118627390829,-0.4568264829342866,-0.5009033409441466,-0.098553838658387,0.7433348698232105,0.1580034464259188,-0.3460254048884141,0.4064911276735657,0.7463457215343213,36.807642953822494,Unknown,False,,,,,
,99.53588,,,,1.656118355085202,0.052737601825179,-0.4853328397037083,-0.1976223905541851,0.0040706452072787,0.6174972825122195,0.1531095520377104,-0.2280041783961902,0.4249032376813787,0.6727062727091291,36.206911705250505,Unknown,False,,,,,
,99.62159,,,,1.6824822106127573,0.1421213412396836,-0.4917120756917121,0.2235483293087155,0.1132628110072558,0.5062120192248825,0.0537077449570494,-0.3552191927790091,0.43802327869496316,0.6656543870821732,34.323639016330155,Unknown,False,,,,,
,99.67623,,,,1.4244878327754091,0.0527507199327812,-0.3159167000964641,-0.2997459916078226,-0.0358549948704766,0.6194624962344535,0.0731432896402011,-0.2800053215925248,0.41037379624725223,0.5974578964521076,33.12305542371985,Unknown,False,,,,,
,99.72331,,,,1.2259787928114327,0.0676295639930612,-0.2337340275852191,-0.3492311751581013,0.0554928447136244,0.6189675306325408,0.0585312912864604,-0.33474704181739,0.404747522412475,0.5388041664241303,32.08858478792044,Unknown,False,,,,,
,99.81053,,,,1.0436551221330157,0.0080916466989147,0.0433877016600115,-0.2934183966409519,0.076885122961593,0.5999898135625061,0.06831974331079,-0.4648575196053128,0.4035810667643246,0.4807082031517493,30.172133452864408,Unknown,False,,,,,
,99.91844,,,,0.6628167111774503,0.0229573718486724,0.2741815832539476,-0.435588606446336,0.3254827818531199,0.8240159395720845,0.1730180526773615,-0.2913947932447681,0.4241605800319975,0.43129542754854866,27.801068747912574,Unknown,False,,,,,
,99.9707,,,,0.3594156797372987,-0.0068134343794897,0.4405434778943413,-0.2902651626878712,-0.1221258412835939,0.7146958900069813,0.108066396531295,-0.2926711763681519,0.39613894893989654,0.36388639485502466,26.652779975039305,Unknown,False,,,,,
,99.98325,,,,0.0697859157126791,-0.0217148202957164,0.2519936908205545,-0.4450060541841585,-0.2318337449275072,0.3512551351811664,-0.6169527415480435,-0.0755190587985005,0.32533593271635713,0.330777153843406,26.37702367768822,Unknown,False,,,,,
,99.96016,,,,0.294556233122125,0.0676426821006635,0.1107464167168352,-0.3460356870836014,-0.1928116448435659,0.4644909635053205,-0.736278063874607,-0.250715066258058,0.33096889894630577,0.38507115426146343,26.88437131958728,Unknown,False,,,,,
,99.94144,,,,0.4954471941120453,0.0080654096807902,-0.00631559740545,-0.2375844924091942,-0.0523183956241664,0.0184039252083976,-0.6367908941288973,-0.0568828993866286,0.3362037336670614,0.3131540729975289,27.295698641213644,Unknown,False,,,,,
,99.95289,,,,0.4897230393533113,-0.0217279384033186,-0.2726341596416211,-0.4976867258089371,0.0303001462228397,0.3517501007830791,0.0533051370593473,-0.3022521528886406,0.3491900673746885,0.33329238994916804,27.04411221853095,Unknown,False,,,,,
,100.0072,,,,0.7364331770229289,0.008052291573188,-0.2622135110752236,-0.5040580700294952,-0.143010141202798,0.2268877959904965,0.1230810027827377,-0.2254019982300985,0.354797195477429,0.3785143500520985,25.850779588321227,Unknown,False,,,,,
,100.1152,,,,0.7023554961967376,0.1867672963659479,-0.4138556555979355,-0.3460779412050206,-0.0074588558297528,0.1496568367695949,0.1880326589288042,-0.4204729692504307,0.35823886612386924,0.38797067374534366,23.47773734816926,Unknown,False,,,,,
,100.3015,,,,0.7801575769408667,0.320810109817239,-0.4054738968173018,0.1866987037637373,0.0908548807162831,-0.0904211587547926,0.1734213238229765,-0.2383382773531984,0.3920904481801314,0.36460547935745524,19.384239483907212,Unknown,False,,,,,
,100.5061,,,,0.4549157064564438,0.1569870663894412,-0.1139644755040381,-0.3492311751581013,-0.005577627623755,0.085507953452026,0.0333966364196962,-0.3652717047171514,0.3520583291030376,0.26915019100278736,14.888642795619509,Unknown,False,,,,,
,100.6415,,,,0.3285308185059442,0.156973948281839,-0.0770557374360588,-0.4482437963800778,-0.0104984409883374,0.1977684992577716,0.0934543981775543,-0.5754583084488238,0.3420044715136977,0.3172545886321316,11.913550950095988,Unknown,False,,,,,
,100.7004,,,,0.1794576887863415,0.2016592585338301,0.2188404299749895,-0.3923887637415089,-0.0311889984646667,0.3075688657393704,0.2127647058978664,-0.2907947474897025,0.3741905458385124,0.26173518185535444,10.619364024679642,Unknown,False,,,,,
,100.6971,,,,0.0194462506894687,0.0825178318016857,0.3147673693550064,-0.4945546189165662,0.0253178697976159,0.2910366793080654,0.0934543981775543,-0.4749449313790787,0.35033169634658107,0.3089024829678453,10.691873648684192,Unknown,False,,,,,
,100.6304,,,,-0.1219130537314983,0.1271900239460746,0.2906024539198372,-0.4387418403994165,-0.0905796606238761,0.246360478662444,0.0382905308079045,-0.3169545484559696,0.3449943609691779,0.259114206193849,12.157446958111576,Unknown,False,,,,,
,100.5792,,,,-0.1450617233597766,0.0229704899562746,0.1704655726976699,-0.5871973910502521,-0.1868694640543316,0.0719162632613634,-0.6566993947685483,-0.4808200898185417,0.27868108571071787,0.3155203144170778,13.282444760850117,Unknown,False,,,,,
,100.4717,,,,-0.072129200917178,0.0974229120771701,0.1124320707614921,-0.3829290618822671,-0.1216178629548293,0.1025204567998267,-0.6766229100144509,-0.454371222981507,0.2958946256092546,0.2976543171544004,15.644500694334662,Unknown,False,,,,,
,100.3844,,,,0.2150099389934542,0.1421082231320813,0.037630990766578,-0.4229334165125942,-0.0777739752034201,0.1195476088330444,-0.6964010041702988,-0.1928639479224057,0.3184816602890094,0.3147273433576845,17.56270983845741,Unknown,False,,,,,
,100.3574,,,,0.1117331022888223,0.1271900239460746,-0.0307444525750033,-0.4324353724932553,0.1045261422997326,0.1035103880036522,0.0979456846680606,-0.2649404194375418,0.3485818418286986,0.21174043959955585,18.1559703984954,Unknown,False,,,,,
,100.4646,,,,0.3494419396007521,0.2314263704027345,-0.1592074765553102,-0.5472141634806347,0.0149547898428673,0.0889434152945811,0.2679285732675163,-0.2549352997021685,0.35616938970480805,0.3036353831223497,15.800506249011184,Unknown,False,,,,,
,100.6011,,,,0.256305581829581,0.2463445695887412,-0.3813089817670247,-0.3797969549898962,0.101623546669083,-0.038379068822148,0.1734213238229765,-0.3242391126135661,0.3415045637735383,0.27981108519107023,12.801244528819272,Unknown,False,,,,,
,100.6466,,,,0.2850554726095517,0.2761772727985768,-0.33501316340952,0.0171385702726166,0.1222549898328199,-0.069463579277107,0.1437947192177932,-0.2361313409915073,0.36540533626362587,0.22711608020523752,11.801490622088531,Unknown,False,,,,,
,100.578,,,,0.1408554053901657,0.4399646554599055,0.0722873597074228,-0.2713457589693875,0.211837079893712,-0.0072799096817721,0.1332010513980593,-0.4439860985790486,0.3685229290420373,0.27840550835716354,13.308811896851743,Unknown,False,,,,,
,100.4687,,,,0.0432183974401508,0.2910298798407324,0.2165321672385938,-0.3239841764727467,0.2690916968881507,-0.0077748752836849,0.2232880256588029,-0.606361437786283,0.36111181714463964,0.3222779425580309,15.710418534338885,Unknown,False,,,,,
,100.4043,,,,-0.0207935537826912,0.3208363468353635,0.536557978608582,-0.2650377959309584,0.3625836457667188,0.1030154224017395,0.2281819200470113,-0.4584964734542249,0.3916183039727386,0.3347701885798198,17.125454833095937,Unknown,False,,,,,
,100.4072,,,,-0.1374509935035131,0.2762297460319058,0.681804325122835,-0.354527334111564,0.4100875975994107,0.0072870630272989,0.2431965262984541,-0.3650286585795483,0.3896513912854087,0.37299058521429573,17.061734254425264,Unknown,False,,,,,
,100.4591,,,,-0.2204818830779619,0.3059611971343411,0.5871903606425171,-0.2397696715309955,0.3069497246378578,0.1992387473780928,0.1584067175715337,-0.4207257297586897,0.3859640157772059,0.34294344732545445,15.921355622352204,Unknown,False,,,,,
,100.4482,,,,-0.3771937166039404,0.2761903909061791,0.5512364836904162,-0.3545062083969557,0.1074230225487348,0.0578442561542052,-0.6964010041702988,-0.517313989741817,0.3151326267885351,0.4312948484007874,16.16085710770101,Unknown,False,,,,,
,100.369,,,,-0.2946160611562953,0.3060005522600678,0.4458966862583611,-0.3018466638328869,0.087052111725418,0.0738814769835974,-0.6566993947685483,-0.44306258057254,0.32249300169541284,0.3843830061458744,17.90108808381239,Unknown,False,,,,,
,100.353,,,,-0.1678587608844228,0.2315050806541879,0.3016507835951779,-0.3018466638328869,0.1202287079691907,0.010722524869854,-0.676592880801948,-0.5854253131265693,0.31013828816684613,0.3657615887057611,18.25264989716834,Unknown,False,,,,,
,100.3886,,,,0.1443400008359436,0.2166168128455635,0.1786232632912038,-0.4103401126287135,0.2750362264254338,-0.0373891376183225,0.1332010513980593,-0.4756849851258474,0.3576066722145051,0.2900811012866785,17.470424862451562,Unknown,False,,,,,
,100.4265,,,,0.364311767209647,0.3059743152419433,0.0333978168816418,-0.3208520695803758,0.3071055158995158,-0.0368941720164098,0.2882403450527824,-0.2770926549970832,0.3854172437593906,0.27536960510489783,16.637662817064765,Unknown,False,,,,,
,100.4984,,,,0.1419315992790877,0.3358070192546991,-0.1665673514217052,-0.2555358412963985,0.2108157124690602,-0.0684882967586985,0.1336043225436743,-0.4182600822984449,0.35277750139784797,0.25827456235173724,15.057831918297,Unknown,False,,,,,
,100.5551,,,,0.1350449138478288,0.4252169948844079,-0.2192272168504296,0.1413559360585281,0.271125349722208,-0.0995728072136575,0.183541372438298,-0.3237493792927208,0.3788771700406074,0.25523742802671207,13.811984742217437,Unknown,False,,,,,
,100.5492,,,,-0.0411182192713196,0.2762035098167014,0.342671739180829,-0.2524248601186359,0.2020790437615369,-0.0524510759293063,0.1535128231833254,-0.3906146668684488,0.36688523444166543,0.2596102316908212,13.941623160892332,Unknown,False,,,,,
,100.5726,,,,-0.1468450617075285,0.3059743152419433,0.4174728191757429,-0.3882463478964396,0.3897109713944462,-0.0048197303576253,0.1486182655472041,-0.4593051995752476,0.3679589803206265,0.3415368292396133,13.42746400885953,Unknown,False,,,,,
,100.6716,,,,-0.1922069827014502,0.2166299309531657,0.6626923953062283,-0.3882463478964396,0.3926135670250961,0.0904136634149024,0.2232880256588029,-0.4097582562464519,0.38242814260300545,0.3797614643483276,11.25217528872023,Unknown,False,,,,,
,100.7779,,,,-0.2930607626374427,0.2315444357799146,0.9290459510469696,-0.2797936580897643,0.4073004806515498,0.2979222516785928,0.2931342394409907,-0.3644548659021818,0.4096486011230932,0.4420350245396765,8.916486491237311,Unknown,False,,,,,
,100.8479,,,,-0.3922713211842794,0.2017379687852835,0.8374297975808707,-0.2734660631228934,0.365480526015721,0.1059559186423819,0.148215657649502,-0.4375644257756584,0.3806934070677491,0.4293359476016256,7.378403557805689,Unknown,False,,,,,
,100.8715,,,,-0.508099610258239,0.1719577388087768,0.6763747946212284,-0.3324124436646818,0.2057367590947708,0.4762968945241413,-0.6765328230401901,-0.4890008837014272,0.33586886051412124,0.506167188920266,6.8598498831057935,Unknown,False,,,,,
,100.9022,,,,-0.3594755077714689,0.261328360115679,0.6394774633291155,-0.1744745689616268,0.1990313944732561,0.4758019289222284,-0.6168776691800341,-0.2328588639760419,0.3648897830668225,0.4363885085187496,6.1852906537293775,Unknown,False,,,,,
,100.9646,,,,-0.1901990600835795,0.1421869333835347,0.5026223689243208,-0.2734449360621838,0.1610330105620154,0.4131232937249809,-0.0213646230522514,-0.4748594995529527,0.3678084689550883,0.3376289646722632,4.814199581641388,Unknown,False,,,,,
,101.0394,,,,-0.0532743319153085,0.1570920136590191,0.303771885096086,-0.1250316395327675,0.3663971523616105,0.1239583531940081,0.3129723920218445,-0.3340490718690534,0.3892270733434842,0.24609001214049667,3.17064810420295,Unknown,False,,,,,
,101.1279,,,,0.2116290976577392,0.1421869333835347,0.326966194555275,-0.2892759807958823,0.2845417943468851,0.2357385820832579,0.41325042620462,-0.3029289837119071,0.4009753440634444,0.27362173275489493,1.2260718240785782,Unknown,False,,,,,
,101.1537,,,,0.0977301055107051,0.246501990091648,-0.0034995144104712,0.0549999999025616,0.3137061394422687,0.1409855052272258,0.3434042124224322,-0.3232811882263818,0.39438723278383236,0.21359030251847497,0.6591784000422127,Unknown,False,,,,,
,101.1465,,,,0.099387982111644,0.2912397735769681,-0.0414086963295201,0.4887640249954445,0.2662021876095767,-0.0504712135216553,0.2886429529504845,-0.2711481903413208,0.4031096771087621,0.24556480965064917,0.8173812160522814,Unknown,False,,,,,
,101.1462,,,,-0.1857187654296906,0.1571182506771436,0.5519993055280927,-0.0840381030104516,0.2729075522310915,0.0933688083409619,0.1437947192177932,-0.4178556904782136,0.37965268661664314,0.29618965103227757,0.8239730000529222,Unknown,False,,,,,
,101.1635,,,,-0.1298565049457332,0.0975409774543503,0.581521295065368,-0.1987972607232878,0.2973451310192921,0.1575176916585308,0.2631050269381053,-0.4485247907593587,0.383489883896855,0.32506307507894916,0.4438467893617982,Unknown,False,,,,,
,101.1716,,,,-0.2080163427994514,0.1273343263413792,0.8119684696513495,-0.0997846408474129,0.4658312820294129,0.3961107903771801,0.3381773949474062,-0.468392308274304,0.41580333583742385,0.41474489451797275,0.265868621350432,Unknown,False,,,,,
,101.1573,,,,-0.3060216488443674,0.0528687853099614,0.8109672082550343,-0.1956229010555989,0.5485414786031054,0.5248888739288137,0.3527893933011468,-0.3949142816519601,0.4171190356439325,0.4482465864554386,0.5800769920370223,Unknown,False,,,,,
,101.1505,,,,-0.4218519486978127,0.0230754372258525,0.8783734194940911,-0.347189431538096,0.4677148589834597,0.4928144322700291,0.2578085246521947,-0.2214562333085359,0.40563433412124095,0.46109985564344363,0.7294907627135279,Unknown,False,,,,,
,101.1641,,,,-0.4068754287803598,0.0230623191182503,0.8025092113188748,-0.19555951987347,0.16773837518353,0.5414210603601186,0.0731432896402011,-0.3598343751384271,0.38460934240080197,0.4229736524442562,0.43066322136082913,Unknown,False,,,,,
,101.1837,,,,-0.3643521671378713,0.0081965931655725,0.8581820766786018,-0.2418688472776904,0.3120320446457458,0.5414210603601186,-0.6168776691800341,-0.2908368312881346,0.3654958948749813,0.5040014775735004,0.0,Unknown,False,,,,,
,101.1361,,,,-0.2258336255153233,-0.0216098730261385,0.6435023135021616,-0.1334599053786012,0.239074861981849,0.2697782374642764,0.0382905308079045,-0.3347167624794469,0.37719453362709565,0.315912954463043,1.045896394733665,Unknown,False,,,,,
,101.0653,,,,-0.0337971618190118,-0.0365018351940207,0.4825401114882849,-0.3008786090016077,0.363599297809723,0.1580126572604435,0.3625068340187661,-0.3392307726175175,0.3850720895356453,0.31068486703881715,2.60155741883335,Unknown,False,,,,,
,100.9734,,,,0.2137213462797272,-0.0216098730261385,0.2669003319513778,-0.3872979249936021,0.3130500454367989,0.1269134981200675,0.5776038894313474,-0.2448530594004711,0.39325188091452845,0.31303434923986934,4.620840584295817,Unknown,False,,,,,
,100.8683,,,,0.1699329758826274,0.0678132215140926,-0.048773726825396,0.0550211269632712,0.31888983389532,0.014652952314322,0.437982473173682,-0.29747425237699,0.387758181556755,0.22572377436317226,6.930162245776797,Unknown,False,,,,,
,100.7913,,,,0.1606399923414982,0.1274655098261615,-0.0941054683249646,0.1918317966330635,0.4213692641033543,0.144420967069781,0.4383850810713842,-0.2719317003561263,0.40514689575940965,0.23784273173541046,8.622053472551707,Unknown,False,,,,,
,100.7627,,,,-0.0232223108645022,0.082701489322717,0.6687249239013855,-0.1177359897346174,0.3433274126835207,0.1274084637219803,0.3828186058040323,-0.5649371447954665,0.395627743659777,0.37171416818805225,9.250470213925512,Unknown,False,,,,,
,100.828,,,,-0.0025418990457705,0.082701489322717,0.7529193353322102,-0.297725375048527,0.426037609257213,0.2386790783239004,0.377924048167911,-0.449142039704762,0.4056153465668021,0.3939028891678846,7.8156585631668465,Unknown,False,,,,,
,100.9065,,,,0.0873995356835784,0.0082621853094237,0.9444460333155248,-0.2756512422446948,0.475578580557561,0.398076004099414,0.4180739725340309,-0.4699119032950737,0.4254987177595308,0.45377442079949953,6.090808416389984,Unknown,False,,,,,
,100.9201,,,,-0.130934709614141,-0.0215442816852073,1.074936540690621,-0.331421766640425,0.6607812936913634,0.3183848655543658,0.4927437326456299,-0.3800203185834997,0.429700037137398,0.5146593822570198,5.791980875037285,Unknown,False,,,,,
,100.8882,,,,-0.2427190868347464,-0.0513413241285739,1.012857565678581,-0.328226278565925,0.5233464313642717,0.414608190530719,0.4326853076398587,-0.3637902247540095,0.41728959156970635,0.49517886118058235,6.492907240415639,Unknown,False,,,,,
,100.7932,,,,-0.1859494747057669,-0.0513282060209717,1.0275773157962629,-0.3746004822845424,0.4134924561771773,0.4316206938785198,0.2228854177611008,-0.348564568499816,0.4058883676949151,0.47821605197741235,8.580305507215876,Unknown,False,,,,,
,100.665,,,,-0.1057557510635511,-0.0066560138765829,1.2452766076368578,-0.2755667340018561,0.3335693765513457,0.4476579147079119,0.1129602909195034,-0.3756306842822539,0.41635216981783824,0.5164137165928794,11.397194536729328,Unknown,False,,,,,
,100.5145,,,,0.0999900203486162,-0.0065773036251295,0.8444429654393109,-0.1608090714212876,0.4486070461914914,0.303322927243382,0.1580034464259188,-0.4284142599128825,0.4112537903697815,0.38780392998691016,14.704072843607815,Unknown,False,,,,,
,100.4945,,,,0.3738744874218966,-0.0215573997928096,0.7224012396432087,-0.2387156133246097,0.4768473939705571,0.2075945678689414,0.4180739725340309,-0.2547939192408607,0.4297347846310922,0.35353604747241446,15.14352511030252,Unknown,False,,,,,
,100.5689,,,,0.8701593852831915,-0.0513413241285739,0.4141492012582605,-0.2851109441039366,0.4911821205299045,0.0958289876651086,0.572709995043139,-0.037325818239448,0.44653650267902417,0.38853413374969575,13.508762678197956,Unknown,False,,,,,
,100.712,,,,0.8008176332346434,0.0529868506871415,0.0984740469645825,-0.0934132966268548,0.4454570045724974,-0.0003943373112447,0.5926184956827901,-0.3452894856422324,0.42397661600483805,0.38370254997369985,10.364481709996634,Unknown,False,,,,,
,100.8151,,,,0.9531319120241498,0.1573412625209815,-0.0015290205267392,0.3530270441143781,0.594679551528992,-0.0640629037123178,0.6128592561613461,-0.2505270897409803,0.4589105927232867,0.40721163828853635,8.09910527518503,Unknown,False,,,,,
,100.7446,,,,0.6404581599003244,0.1423443538864416,0.8002218483022777,-0.0596957779742472,0.5623628160665656,0.1118662084945008,0.4176707013884159,-0.4753913166722301,0.4495612706380199,0.41939004544887787,9.648174515284074,Unknown,False,,,,,
,100.2593,,,,0.6287207782732898,0.1125641239099348,0.8770306067193026,-0.0871068287206936,0.6411678513186798,0.0953340220631958,0.6469764840091229,-0.4373910561777187,0.4642300844960542,0.45476534884004666,20.311483766633405,Unknown,False,,,,,
,99.21815,,,,0.0802617854512882,-0.0810953170869561,0.4076193572681886,-0.6146222910479252,0.422390631528006,0.0977942013873426,-0.5373290286232305,-0.7330346158222951,0.31490248267040244,0.45610903008802844,43.18827014009757,Unknown,False,,,,,
,98.10604,,,,0.1281388003106238,0.0083277774532749,0.3149913535600455,-0.5525314494948071,0.1643223904569933,0.0832272286782716,-0.5772258272430019,-0.5222060811029802,0.31512240989087426,0.3678705769200165,67.62423315579484,Unknown,False,,,,,
,97.75997,,,,0.2962344652480191,0.0232328577287593,0.7842946131486104,-0.455661754619314,0.2187898905035711,0.2265722849389761,-0.5573426308433937,-0.390648194234468,0.36286932655003895,0.4583878409936473,75.22829545254812,Unknown,False,,,,,
,97.96384,,,,0.2330328952337845,-0.0810166068355027,1.068449037253301,-0.2851109441039366,0.160259089125708,0.2737086649087441,-0.5772108126367504,-0.247880418103331,0.3802027721662769,0.49884618865849767,70.74873877199455,Unknown,False,,,,,
,98.23829,,,,0.3269978862915324,-0.0511839036256671,1.1305328895382711,-0.2040074176477453,0.2693522292285708,0.2732136993068316,-0.5174355425898307,-0.2386866302127358,0.39952676486048216,0.5041211189288712,64.71835504227525,Unknown,False,,,,,
,98.49018,,,,0.5352307776190011,-0.0512494957695183,1.0852434882065625,-0.2018026079436035,0.363859830150143,0.1293736774442143,0.2172559923883727,-0.3234859901770468,0.43280804392168587,0.45099887774503994,59.183673469387934,Unknown,False,,,,,
,98.70477,,,,0.6911738341110933,-0.0959741611472361,0.792783543861656,-0.2450447034237486,0.4631892187391832,0.0176080972403814,0.4659973196922312,-0.2551350881375898,0.43629301214853905,0.42289274554072925,54.46857037388614,Unknown,False,,,,,
,98.78632,,,,0.8641055400324807,-0.0662295919371984,0.6234189605492219,-0.1555551652431431,0.4747187197762148,0.0171131316384687,0.5715015081021197,0.0407697884476586,0.45955926690889326,0.3809425919147238,52.67670375643797,Unknown,False,,,,,
,98.79976,,,,0.7251505229418982,0.0231410293697037,0.1614253934056974,-0.0997001326045743,0.4770031852322152,-0.1106896693947563,0.3970273330121578,-0.2925741386473918,0.4122195612906758,0.3464804322320133,52.381391833219006,Unknown,False,,,,,
,98.91467,,,,0.8661561844797474,0.0083540136684793,0.1771876495706499,0.3287692273210126,0.4097299997651815,-0.1267268902241485,0.3921334386239496,-0.3561169511627671,0.4304199316135894,0.3766915029760308,49.856518834924195,Unknown,False,,,,,
,99.05409,,,,0.6915463390999658,-0.0363312965835117,0.9558049805924532,-0.0776471268614518,0.6092543531062556,-0.0620976899900839,0.3868362730901261,-0.3544270360062788,0.4483920481306226,0.46157998234156106,46.79309708379478,Unknown,False,,,,,
,99.32957,,,,0.7792908436782546,-0.0214918076489584,0.9779413171159288,-0.2418899743384,0.5946852669106395,-0.0144663444184029,0.4765206394531677,-0.1540414498830756,0.4607201175070643,0.46435301265264295,40.74008156234068,Unknown,False,,,,,
,99.73615,,,,0.5618639500255574,-0.0661771187038695,1.2389386162998095,-0.1639411783136586,0.8323127452417164,0.3373625826244004,0.6855146502886085,-0.2859907924662079,0.4930317245781181,0.5355686814161206,31.806456432702447,Unknown,False,,,,,
,100.0586,,,,0.4913210597015597,-0.0810428438536272,1.499950286855229,-0.09545058766979,1.0163950652537528,0.4476579147079119,0.6908118158224319,-0.1332383478181116,0.5233083979249611,0.5850038044927179,24.721387262915588,Unknown,False,,,,,
,100.3027,,,,0.2288858879380584,0.8631128593480777,1.430522026207415,-0.08277427202144,0.9997832442088328,0.5764506469449625,0.6112481613226248,0.0665418841456891,0.5605767588543366,0.5080180410718708,19.357872347905587,Unknown,False,,,,,
,100.4537,,,,-0.0570739626412796,1.1910719727639143,1.2684554502076038,-0.2258280284152645,0.868190519088311,0.336387300105992,0.5061465808104383,-0.1672653569408481,0.5182521545116298,0.5979825726651152,16.04000773435999,Unknown,False,,,,,
,100.3535,,,,0.1989348588826384,1.2453190606584983,1.330523835989023,-0.1078748777601963,0.9763539464932084,0.2406442920461343,0.7107203164620831,-0.0669356098906257,0.5533573206652214,0.5770136656831759,18.24166359050092,Unknown,False,,,,,
,100.1148,,,,0.4387563003415111,1.201706105599288,1.3778418162324255,-0.0646327822800513,0.9773753139178604,0.3533998034537926,0.7609902894435244,0.0069200542163447,0.5761639509643993,0.5355570362786027,23.486526393503134,Unknown,False,,,,,
,99.95164,,,,0.6214153618250765,1.2059639349317963,1.1233379936605912,-0.086620911708777,1.1818228293715658,0.0481976420934276,1.2544546135172348,0.3126449847188805,0.602630122218563,0.557309546163986,27.07157798519935,Unknown,False,,,,,
,99.76938,,,,0.9556179142847768,1.17015202105712,1.278572234790757,-0.0899642878621431,1.2166768870454598,0.1283837462403887,1.7832446523797412,0.6642454468498622,0.6654729665782896,0.6244673305955069,31.07630649158898,Unknown,False,,,,,
,99.54403,,,,1.1119740941481515,1.2743883675137802,0.9040861426842955,0.238753802067357,1.168151567788116,0.0171131316384687,1.659443058168923,0.4251867978339479,0.6520920065885982,0.5676855659601088,36.027834906572366,Unknown,False,,,,,
,99.30601,,,,1.055309163548244,1.1432048827314534,0.2531395030621509,0.3946755127881864,1.7226359474341588,-0.0791101933378846,1.4646577745416076,0.5616323635843526,0.6397925258333204,0.628752893562401,41.25775633250721,Unknown,False,,,,,
,98.97307,,,,0.5282586485289503,0.0087213287105419,1.1085821545214345,0.1830255317930461,1.6776693178129345,0.0968042701835171,1.528400943746655,0.186459099921378,0.5877076193973214,0.6762577683324834,48.573318216175274,Unknown,False,,,,,
,98.51152,,,,0.4188660068739315,-0.0360558107034248,1.710566648538505,0.2515372481515233,1.6979412029391363,0.2566815128755266,1.8526172469575164,0.752714707163326,0.6566897411719619,0.7703492939073818,58.71477790082439,Unknown,False,,,,,
,97.96985,,,,0.3212513652283575,-0.0658622776980558,1.9377928494543035,0.1454176241994143,2.254306810791177,0.5599184605136576,2.226035732326395,0.8984809425868389,0.7163489825363337,0.9619430376458757,70.61668336585302,Unknown,False,,,,,
,97.5761,,,,0.1126424647133303,-0.0064198831222227,1.541077486319936,1.638709917669476,2.320558628833559,0.5443762052861781,2.1712047880435628,1.0506086594376307,0.7639650340193913,0.8937234671892552,79.26839986640667,Unknown,False,,,,,
,97.20341,,,,-0.0967768170103042,-0.0063674090859737,1.3212233054988771,1.3688738764420807,2.000052076315056,0.6731689375232287,1.8916290324414144,0.9477260208715246,0.7086197522354201,0.7890651288477374,87.45737313013058,Unknown,False,,,,,
,96.8323,,,,-0.2421800332846253,-0.0509084177455802,1.1443905794858402,0.0369664281789058,1.2979735211630494,0.6099953367240682,1.2334079739953616,0.8866404830585947,0.5702491563613447,0.6228118213100544,95.61162966478582,Unknown,False,,,,,
,96.63258,,,,-0.067196189496771,-0.0062493437087936,1.2138242733499018,1.7862395279941448,1.360325893265501,0.4015114659419692,1.198082259206566,1.0281140136612792,0.6571149988383168,0.6757156582430872,100.0,Unknown,False,,,,,
,96.6407,,,,0.1697662370857131,-0.0210457831583624,1.2296329301801834,1.8855670175348864,1.384757756672054,0.4807222875705219,1.428596528768292,1.090406293001533,0.6890100219662019,0.6721911336405099,99.8215823797221,Unknown,False,,,,,
,96.66358,,,,0.2049876791461742,-0.021190085553667,1.4031964482732178,1.5437949008774492,1.7634379012789343,0.305288140965616,2.0360739950284907,1.4249548992983232,0.7330061896737233,0.792654875358266,99.31884898662325,Unknown,False,,,,,
,96.7627,,,,0.5719616679347586,0.083095040579984,1.1384974903368417,0.3117400154946157,1.644594096014325,0.2251020368186548,2.1862187310470924,1.585699610337839,0.6932918983858413,0.7814761938913725,97.14092355288389,Unknown,False,,,,,
,96.9458,,,,0.4330086616236616,0.981526550492137,0.7348985993341564,2.195071418013133,1.361994272680376,0.0496825388991659,2.086816923966432,1.3474874956943774,0.7560419639698561,0.7539609081840465,93.11773805129285,Unknown,False,,,,,
,97.21941,,,,0.4115382241212775,1.2538175326909784,0.1669743201608274,2.7884925585633327,1.560763506318866,-0.0305035652477951,1.9276896149668172,1.3254419910630706,0.76533237341458,0.9561668004747944,87.10581131677493,Unknown,False,,,,,
,97.52456,,,,0.1292138765448713,0.1874232153956996,1.3753130839609409,1.9939759547266716,1.3533542809219186,0.0812620149560376,1.7524102240814514,1.238462834287278,0.7091364381229852,0.7688368151779037,80.40086835767922,Unknown,False,,,,,
,97.77238,,,,0.0878958674043036,0.0978820554782884,1.4750770775645816,1.871672365057564,1.521741406234925,0.2411392576480471,2.165575362670835,1.4386473677457987,0.7433989220367184,0.8391454751045282,74.95561532106395,Unknown,False,,,,,
,97.93935,,,,-0.0356498438344774,0.1274130365928326,1.865558189126104,1.826601000357352,1.7614139681633538,0.2727187337049188,2.1703989090002462,1.7119056263319437,0.7782053518855455,0.9173228473645396,71.28684807256234,Unknown,False,,,,,
,98.14481,,,,-0.2114445861912248,0.0976196877058037,1.76457963800098,2.0907176820989632,2.2943445629181225,0.6571317166938363,2.1850102441060737,1.84774258989487,0.8227753596144729,1.0030850608807966,66.77235493680669,Unknown,False,,,,,
,98.32935,,,,-0.2490890850203251,0.082701489322717,1.5318988402504112,1.9318989671320848,1.969930500329992,0.5298092325771071,1.841288711401176,1.704885446002875,0.7626855769430619,0.9018965673189282,62.71752887201389,Unknown,False,,,,,
,98.50545,,,,-0.3665772614747095,0.1273605625565837,1.4161232049502828,1.825317937591,1.4673762985190604,0.5609083917174831,1.502057138690959,1.9283357698498949,0.7243280715969257,0.8436229777028501,58.84815166376644,Unknown,False,,,,,
,98.58678,,,,-0.1879193900151024,0.1869378357793769,1.2151877086426144,1.856829294384708,1.3944191158551635,0.5613887086339788,1.2130962022100955,2.5207161124627038,0.7373578889060518,0.8853001044244663,57.06111902125188,Unknown,False,,,,,
,98.48763,,,,-0.140543846090138,0.1273605625565837,1.2098509790867733,1.8451647767679185,1.3536148132623382,0.5298092325771071,1.4419993769331008,2.441686507892682,0.7394568411541614,0.8749553898593225,59.23970363339151,Unknown,False,,,,,
,98.32858,,,,0.0862759981118998,0.0975934514905992,1.4258827546425128,0.4350330757029353,1.5754504199453196,0.305288140965616,2.145263590885569,2.5285032820143645,0.7303436104694495,0.9685495735786717,62.7344477842817,Unknown,False,,,,,
,98.22819,,,,0.3710462371934117,0.1720626860783547,1.0939493493859465,0.4254873718146884,1.427230438679754,0.2897458857381365,2.085608437025413,3.0061662806249503,0.7421672842338423,1.015261761521024,64.9402784369563,Unknown,False,,,,,
,98.33882,,,,0.4115335096004169,0.3211118327154504,0.7566517892606389,2.385790747292223,1.3484277521756884,0.113336456614822,2.075488388410091,2.462816665735289,0.7858035265068584,0.9674245279871234,62.50944822373404,Unknown,False,,,,,
,98.66457,,,,0.3572728663308938,0.5147712737123415,0.5091028831476692,2.7455380368075826,1.3542732560158572,-0.0781349108194761,1.8266767130474355,2.464415032715574,0.7779252209304597,1.0483694643798553,55.351869429942646,Unknown,False,,,,,
,99.00814,,,,0.0547057000584651,0.2912528924874904,1.2437328256897615,2.177676066351497,1.3027060028518798,0.3859692107144897,1.6168768231686772,1.991937779028528,0.750581061063523,0.8047743744590102,47.80273866652617,Unknown,False,,,,,
,99.19379,,,,0.0397495356659672,0.3359513208470837,1.4040417858410812,0.7288455512919044,2.4734115336226687,0.4010165003400565,1.826274105149733,2.112404105439344,0.7617453693227372,0.912715817900417,43.72352300093155,Unknown,False,,,,,
,99.2499,,,,-0.0635668944338998,0.2763871665348126,1.8111930478062817,1.9459603593164725,1.5646686676404449,0.5759556813430498,1.8709146527584464,2.510142659134634,0.8126017379521254,0.9234492339589102,42.49063966671954,Unknown,False,,,,,
,99.17113,,,,-0.1230767020586978,0.2763478114090859,1.8480955347278756,0.7225164611927656,1.8168863826489088,0.7212806000114054,1.9451811417244305,3.144859116524622,0.8065350661795859,1.0775946548425694,44.22142241909679,Unknown,False,,,,,
,99.02784,,,,-0.2850996596396276,0.2911873003436392,1.839530857655642,2.22623665567696,1.748850013349595,0.8014667041583664,1.6660086572678967,3.1837106222147784,0.8552110539242843,1.112780486611935,47.36987818383179,Unknown,False,,,,,
,98.94792,,,,-0.155023009299691,0.2614201884747347,1.7247748801265583,2.2599556694618355,1.464330997978828,0.9307397533119126,1.088086784306171,3.176358027987249,0.8238595387458486,1.0697999943693115,49.12592944154421,Unknown,False,,,,,
,98.92973,,,,0.1468248270685936,0.1869509538869792,1.727793035687042,2.461405264923948,1.3961956029823994,0.7703675450179903,0.9436411584711816,3.115902156052597,0.8237916085258755,1.0555692081057295,49.5256112781029,Unknown,False,,,,,
,98.96976,,,,0.6540424256614873,0.246672528702157,1.5205298593012877,2.6710358358448363,1.4098611491842017,0.8821331252218233,1.3222864613150862,2.9986194222394627,0.8653517900345264,0.9497881221793334,48.64604756631355,Unknown,False,,,,,
,99.04605,,,,1.3581674470039231,0.1870165460308303,1.9833436097470964,3.0612007859949,1.535406952436727,0.7533550416701897,2.1939928170870857,3.596910998980432,0.9942015051730367,1.1314779780055142,46.96975689500626,Unknown,False,,,,,
,99.12044,,,,1.7884475946683138,0.3508170467997614,1.5378944309832137,1.6762751803025082,1.3871893199192098,1.024997864566032,2.463851131971615,4.190257961294431,0.9833490163973739,1.140757618112506,45.33521418903481,Unknown,False,,,,,
,99.1316,,,,1.6202473408693463,0.5743485461322148,1.1700836532116192,3.2973374500731665,1.4115352439807238,0.4180436523732742,2.240245122782434,3.167797763501256,0.9607414419889987,1.0867675583956136,45.08999982421903,Unknown,False,,,,,
,99.0723,,,,1.688364695213194,0.8127851265430724,0.8666346589703807,5.059763745048968,1.3616420856132698,0.3699319898850975,1.7369923466843935,2.906675080800848,1.0,1.5085450942084455,46.392975794969246,Unknown,False,,,,,
