cci,trend_score,indicator
100.8491,-1.343573306231235,Indiesleaze
100.8355,-1.4805126896112892,Indiesleaze
100.7913,-1.4736260041800304,Indiesleaze
100.7505,-1.5080573278893392,Indiesleaze
100.7282,-1.501172745905066,Indiesleaze
100.7717,-1.5149440133205982,Indiesleaze
100.8285,-1.375970744152046,Indiesleaze
100.8303,-1.3917780008030616,Indiesleaze
100.8061,-1.3780046299405435,Indiesleaze
100.81,-1.3561434353713175,Indiesleaze
100.8644,-1.3265628078577842,Indiesleaze
100.9582,-1.3002193078551838,Indiesleaze
101.0323,-1.4144683460191498,Indiesleaze
101.011,-1.3946207743809664,Indiesleaze
100.8773,-1.4262093245123704,Indiesleaze
100.7314,-1.4124380570968382,Indiesleaze
100.6746,-1.4173111195970547,Indiesleaze
100.7139,-1.5080573278893392,Indiesleaze
100.6771,-1.4379690724438456,Indiesleaze
100.4738,-1.3589841981697366,Indiesleaze
100.2284,-1.3755982391631736,Indiesleaze
100.2087,-1.344007678252284,Indiesleaze
100.4345,-1.3339042208350471,Indiesleaze
100.7531,-1.3043271901877005,Indiesleaze
100.9735,-1.307169963765605,Indiesleaze
101.0192,-1.3654968851929228,Indiesleaze
100.9796,-1.3594185701907855,Indiesleaze
100.8748,-1.319738082126202,Indiesleaze
100.7045,-1.3533590246269034,Indiesleaze
100.6121,-1.316895308548297,Indiesleaze
100.5865,-1.2107944677040154,Indiesleaze
100.6138,-1.0504147315122412,Indiesleaze
100.7571,-0.9872090472715352,Indiesleaze
100.9613,-0.9232006929148788,Indiesleaze
101.0749,-0.9726106399886264,Indiesleaze
101.1291,-1.067402770913751,Indiesleaze
101.1371,-1.1111291816111746,Indiesleaze
101.0739,-1.1180158670424334,Indiesleaze
100.9943,-1.1909468960658316,Indiesleaze
100.9702,-1.1763427884697513,Indiesleaze
100.9881,-1.1694561030384925,Indiesleaze
100.9631,-1.1358331497583054,Indiesleaze
100.9196,-1.0742894563450098,Indiesleaze
100.7676,-0.9434846473535974,Indiesleaze
100.5712,-0.935770822054962,Indiesleaze
100.3328,-0.8596231137130861,Indiesleaze
100.0589,-0.7831029003823375,Indiesleaze
99.8483,-0.6660750591196288,Indiesleaze
99.63045,-0.7385513605970231,Indiesleaze
99.32162,-0.7632532252971682,Indiesleaze
98.95058,-0.8155241980267897,Indiesleaze
98.49242,-0.8434433520731981,Indiesleaze
98.04234,-0.8572167229357159,Indiesleaze
97.69081,-0.8653045466424241,Indiesleaze
97.58231,-0.6758024146818069,Indiesleaze
97.66558,-0.4489982114838632,Indiesleaze
97.67867,-0.4327621904574708,Indiesleaze
97.41298,-0.4076802023432955,Indiesleaze
97.16837,-0.2395845374059003,Indiesleaze
97.03234,-0.28218852818632,Indiesleaze
96.9688,-0.3760692859074507,Indiesleaze
96.97824,-0.4749094429124006,Indiesleaze
97.20629,-0.4785788389973965,Indiesleaze
97.66534,-0.5806321711221382,Indiesleaze
98.12306,-0.4457850363640717,Indiesleaze
98.46567,-0.4275917444606411,Indiesleaze
98.68877,-0.3846980812762658,Indiesleaze
98.89773,-0.0749458210887904,Indiesleaze
99.11938,-0.1886797580937764,Indiesleaze
99.21873,-0.1311819873133207,Indiesleaze
99.24712,-0.1380686727445796,Indiesleaze
99.30729,0.0267350987145785,Indiesleaze
99.37518,-0.3000058109021919,Indiesleaze
99.39132,-0.3218690162509038,Indiesleaze
99.38895,-0.3765260242329404,Indiesleaze
99.36604,-0.5037395454700172,Indiesleaze
99.31453,-0.5073287297773673,Indiesleaze
99.26768,-0.6576071119988907,Indiesleaze
99.21994,-0.5697015738375252,Indiesleaze
99.23846,-0.3615474008685017,Indiesleaze
99.2652,-0.5089063946006606,Indiesleaze
99.30903,-0.3594551522465138,Indiesleaze
99.38902,-0.2812770623148264,Indiesleaze
99.42262,-0.2148603064013143,Indiesleaze
99.38183,-0.0528185793821299,Indiesleaze
99.27272,-0.098100288598406,Indiesleaze
99.04582,-0.0608058357862373,Indiesleaze
98.91441,-0.0267245580938602,Indiesleaze
98.90597,-0.1364932089364376,Indiesleaze
98.82299,-0.1725037835557399,Indiesleaze
98.58913,0.1689402148730114,Indiesleaze
98.31213,0.4241161962163812,Indiesleaze
98.20346,0.599558881776711,Indiesleaze
98.21943,0.7007809598076047,Indiesleaze
98.35287,0.774915137885938,Indiesleaze
98.53907,1.5219181814086549,Indiesleaze
98.7452,1.69911982823281,Indiesleaze
98.89159,1.840129086636845,Indiesleaze
98.95768,1.3312332559180573,Indiesleaze
98.95599,1.2255064134818483,Indiesleaze
98.92139,1.1498153507979625,Indiesleaze
98.82849,1.0728383991417243,Indiesleaze
98.77732,1.737617430099914,Indiesleaze
98.77785,2.1304849058659547,Indiesleaze
98.82154,2.0283873584926178,Indiesleaze
98.88181,2.083502598219344,Indiesleaze
98.89039,2.346042451511918,Indiesleaze
98.8409,2.7856364556026776,Indiesleaze
98.90736,2.296361084112184,Indiesleaze
99.02441,2.1748289958044453,Indiesleaze
99.13401,2.1625322977698342,Indiesleaze
99.24032,1.4848913618206208,Indiesleaze
99.38569,1.1883749123647425,Indiesleaze
99.51501,0.8493149384089204,Indiesleaze
99.6199,1.0866737297039184,Indiesleaze
99.63353,1.556492193955571,Indiesleaze
99.58079,1.4503725836730343,Indiesleaze
99.50854,1.7014823795261091,Indiesleaze
99.53588,1.656118355085202,Indiesleaze
99.62159,1.6824822106127573,Indiesleaze
99.67623,1.4244878327754091,Indiesleaze
99.72331,1.2259787928114327,Indiesleaze
99.81053,1.0436551221330157,Indiesleaze
99.91844,0.6628167111774503,Indiesleaze
99.9707,0.3594156797372987,Indiesleaze
99.98325,0.0697859157126791,Indiesleaze
99.96016,0.294556233122125,Indiesleaze
99.94144,0.4954471941120453,Indiesleaze
99.95289,0.4897230393533113,Indiesleaze
100.0072,0.7364331770229289,Indiesleaze
100.1152,0.7023554961967376,Indiesleaze
100.3015,0.7801575769408667,Indiesleaze
100.5061,0.4549157064564438,Indiesleaze
100.6415,0.3285308185059442,Indiesleaze
100.7004,0.1794576887863415,Indiesleaze
100.6971,0.0194462506894687,Indiesleaze
100.6304,-0.1219130537314983,Indiesleaze
100.5792,-0.1450617233597766,Indiesleaze
100.4717,-0.072129200917178,Indiesleaze
100.3844,0.2150099389934542,Indiesleaze
100.3574,0.1117331022888223,Indiesleaze
100.4646,0.3494419396007521,Indiesleaze
100.6011,0.256305581829581,Indiesleaze
100.6466,0.2850554726095517,Indiesleaze
100.578,0.1408554053901657,Indiesleaze
100.4687,0.0432183974401508,Indiesleaze
100.4043,-0.0207935537826912,Indiesleaze
100.4072,-0.1374509935035131,Indiesleaze
100.4591,-0.2204818830779619,Indiesleaze
100.4482,-0.3771937166039404,Indiesleaze
100.369,-0.2946160611562953,Indiesleaze
100.353,-0.1678587608844228,Indiesleaze
100.3886,0.1443400008359436,Indiesleaze
100.4265,0.364311767209647,Indiesleaze
100.4984,0.1419315992790877,Indiesleaze
100.5551,0.1350449138478288,Indiesleaze
100.5492,-0.0411182192713196,Indiesleaze
100.5726,-0.1468450617075285,Indiesleaze
100.6716,-0.1922069827014502,Indiesleaze
100.7779,-0.2930607626374427,Indiesleaze
100.8479,-0.3922713211842794,Indiesleaze
100.8715,-0.508099610258239,Indiesleaze
100.9022,-0.3594755077714689,Indiesleaze
100.9646,-0.1901990600835795,Indiesleaze
101.0394,-0.0532743319153085,Indiesleaze
101.1279,0.2116290976577392,Indiesleaze
101.1537,0.0977301055107051,Indiesleaze
101.1465,0.099387982111644,Indiesleaze
101.1462,-0.1857187654296906,Indiesleaze
101.1635,-0.1298565049457332,Indiesleaze
101.1716,-0.2080163427994514,Indiesleaze
101.1573,-0.3060216488443674,Indiesleaze
101.1505,-0.4218519486978127,Indiesleaze
101.1641,-0.4068754287803598,Indiesleaze
101.1837,-0.3643521671378713,Indiesleaze
101.1361,-0.2258336255153233,Indiesleaze
101.0653,-0.0337971618190118,Indiesleaze
100.9734,0.2137213462797272,Indiesleaze
100.8683,0.1699329758826274,Indiesleaze
100.7913,0.1606399923414982,Indiesleaze
100.7627,-0.0232223108645022,Indiesleaze
100.828,-0.0025418990457705,Indiesleaze
100.9065,0.0873995356835784,Indiesleaze
100.9201,-0.130934709614141,Indiesleaze
100.8882,-0.2427190868347464,Indiesleaze
100.7932,-0.1859494747057669,Indiesleaze
100.665,-0.1057557510635511,Indiesleaze
100.5145,0.0999900203486162,Indiesleaze
100.4945,0.3738744874218966,Indiesleaze
100.5689,0.8701593852831915,Indiesleaze
100.712,0.8008176332346434,Indiesleaze
100.8151,0.9531319120241498,Indiesleaze
100.7446,0.6404581599003244,Indiesleaze
100.2593,0.6287207782732898,Indiesleaze
99.21815,0.0802617854512882,Indiesleaze
98.10604,0.1281388003106238,Indiesleaze
97.75997,0.2962344652480191,Indiesleaze
97.96384,0.2330328952337845,Indiesleaze
98.23829,0.3269978862915324,Indiesleaze
98.49018,0.5352307776190011,Indiesleaze
98.70477,0.6911738341110933,Indiesleaze
98.78632,0.8641055400324807,Indiesleaze
98.79976,0.7251505229418982,Indiesleaze
98.91467,0.8661561844797474,Indiesleaze
99.05409,0.6915463390999658,Indiesleaze
99.32957,0.7792908436782546,Indiesleaze
99.73615,0.5618639500255574,Indiesleaze
100.0586,0.4913210597015597,Indiesleaze
100.3027,0.2288858879380584,Indiesleaze
100.4537,-0.0570739626412796,Indiesleaze
100.3535,0.1989348588826384,Indiesleaze
100.1148,0.4387563003415111,Indiesleaze
99.95164,0.6214153618250765,Indiesleaze
99.76938,0.9556179142847768,Indiesleaze
99.54403,1.1119740941481515,Indiesleaze
99.30601,1.055309163548244,Indiesleaze
98.97307,0.5282586485289503,Indiesleaze
98.51152,0.4188660068739315,Indiesleaze
97.96985,0.3212513652283575,Indiesleaze
97.5761,0.1126424647133303,Indiesleaze
97.20341,-0.0967768170103042,Indiesleaze
96.8323,-0.2421800332846253,Indiesleaze
96.63258,-0.067196189496771,Indiesleaze
96.6407,0.1697662370857131,Indiesleaze
96.66358,0.2049876791461742,Indiesleaze
96.7627,0.5719616679347586,Indiesleaze
96.9458,0.4330086616236616,Indiesleaze
97.21941,0.4115382241212775,Indiesleaze
97.52456,0.1292138765448713,Indiesleaze
97.77238,0.0878958674043036,Indiesleaze
97.93935,-0.0356498438344774,Indiesleaze
98.14481,-0.2114445861912248,Indiesleaze
98.32935,-0.2490890850203251,Indiesleaze
98.50545,-0.3665772614747095,Indiesleaze
98.58678,-0.1879193900151024,Indiesleaze
98.48763,-0.140543846090138,Indiesleaze
98.32858,0.0862759981118998,Indiesleaze
98.22819,0.3710462371934117,Indiesleaze
98.33882,0.4115335096004169,Indiesleaze
98.66457,0.3572728663308938,Indiesleaze
99.00814,0.0547057000584651,Indiesleaze
99.19379,0.0397495356659672,Indiesleaze
99.2499,-0.0635668944338998,Indiesleaze
99.17113,-0.1230767020586978,Indiesleaze
99.02784,-0.2850996596396276,Indiesleaze
98.94792,-0.155023009299691,Indiesleaze
98.92973,0.1468248270685936,Indiesleaze
98.96976,0.6540424256614873,Indiesleaze
99.04605,1.3581674470039231,Indiesleaze
99.12044,1.7884475946683138,Indiesleaze
99.1316,1.6202473408693463,Indiesleaze
99.0723,1.688364695213194,Indiesleaze
100.8491,-0.3493514826000473,Lipstickindex
100.8355,-0.2897779045394317,Lipstickindex
100.7913,-0.3344500966838206,Lipstickindex
100.7505,-0.2451188305026451,Lipstickindex
100.7282,-0.2599808612931452,Lipstickindex
100.7717,-0.4089287550199206,Lipstickindex
100.8285,-0.3791222888282095,Lipstickindex
100.8303,-0.289791022647034,Lipstickindex
100.8061,-0.0962102919015963,Lipstickindex
100.81,-0.0962102919015963,Lipstickindex
100.8644,-0.2748728234610273,Lipstickindex
100.9582,-0.3492990093667184,Lipstickindex
101.0323,-0.2450925934845206,Lipstickindex
101.011,-0.0961840548834718,Lipstickindex
100.8773,-0.2897779045394317,Lipstickindex
100.7314,-0.2897779045394317,Lipstickindex
100.6746,-0.2897647856289095,Lipstickindex
100.7139,-0.3642303266603273,Lipstickindex
100.6771,-0.3642434447679295,Lipstickindex
100.4738,-0.2451188305026451,Lipstickindex
100.2284,-0.2451319486102473,Lipstickindex
100.2087,-0.2600070983112696,Lipstickindex
100.4345,-0.3493252455819229,Lipstickindex
100.7531,-0.379096051810085,Lipstickindex
100.9735,-0.2004466383582563,Lipstickindex
101.0192,-0.2599939802036674,Lipstickindex
100.9796,-0.2451057123950429,Lipstickindex
100.8748,-0.2302006313166384,Lipstickindex
100.7045,-0.3046792904556585,Lipstickindex
100.6121,-0.3046924085632607,Lipstickindex
100.5865,-0.3195843707311429,Lipstickindex
100.6138,-0.3940367928520384,Lipstickindex
100.7571,-0.2898041407546362,Lipstickindex
100.9613,-0.3344632147914229,Lipstickindex
101.0749,-0.3195843707311429,Lipstickindex
101.1291,-0.2748728234610273,Lipstickindex
101.1371,-0.3642434447679295,Lipstickindex
101.0739,-0.3642303266603273,Lipstickindex
100.9943,-0.3344238596656961,Lipstickindex
100.9702,-0.3489579313427803,Lipstickindex
100.9881,-0.3340303084084291,Lipstickindex
100.9631,-0.3637843013668113,Lipstickindex
100.9196,-0.3192826486358515,Lipstickindex
100.7676,-0.3492071802047428,Lipstickindex
100.5712,-0.3045743431860806,Lipstickindex
100.3328,-0.3046136983118073,Lipstickindex
100.0589,-0.2748334683353006,Lipstickindex
99.8483,-0.2897123123955806,Lipstickindex
99.63045,-0.2152824329335518,Lipstickindex
99.32162,-0.1855022029570452,Lipstickindex
98.95058,-0.2003941651249274,Lipstickindex
98.49242,-0.3344238596656961,Lipstickindex
98.04234,-0.2748465872458229,Lipstickindex
97.69081,-0.2897647856289095,Lipstickindex
97.58231,-0.3344500966838206,Lipstickindex
97.66558,-0.2897779045394317,Lipstickindex
97.67867,-0.125990521878103,Lipstickindex
97.41298,-0.1855415580827718,Lipstickindex
97.16837,-0.1855284391722496,Lipstickindex
97.03234,-0.2450663572693162,Lipstickindex
96.9688,-0.2004204013401318,Lipstickindex
96.97824,-0.2897647856289095,Lipstickindex
97.20629,-0.3195450156054162,Lipstickindex
97.66534,-0.304653053437534,Lipstickindex
98.12306,-0.304653053437534,Lipstickindex
98.46567,-0.3493252455819229,Lipstickindex
98.68877,-0.3344369777732984,Lipstickindex
98.89773,-0.3046661723480562,Lipstickindex
99.11938,-0.3344500966838206,Lipstickindex
99.21873,-0.304653053437534,Lipstickindex
99.24712,-0.2748597053534251,Lipstickindex
99.30729,-0.230174395101434,Lipstickindex
99.37518,-0.3195318974978139,Lipstickindex
99.39132,-0.3195450156054162,Lipstickindex
99.38895,-0.2748465872458229,Lipstickindex
99.36604,-0.2897516675213073,Lipstickindex
99.31453,-0.2897516675213073,Lipstickindex
99.26768,-0.2748728234610273,Lipstickindex
99.21994,-0.3195581345159384,Lipstickindex
99.23846,-0.2897647856289095,Lipstickindex
99.2652,-0.3195712526235406,Lipstickindex
99.30903,-0.2748859423715495,Lipstickindex
99.38902,-0.2450925934845206,Lipstickindex
99.42262,-0.1557088540700162,Lipstickindex
99.38183,-0.2152693140230296,Lipstickindex
99.27272,-0.2152824329335518,Lipstickindex
99.04582,-0.2152693140230296,Lipstickindex
98.91441,-0.2152824329335518,Lipstickindex
98.90597,-0.215295551041154,Lipstickindex
98.82299,-0.2748597053534251,Lipstickindex
98.58913,-0.2897516675213073,Lipstickindex
98.31213,-0.2599677431855429,Lipstickindex
98.20346,-0.2302006313166384,Lipstickindex
98.21943,-0.1855284391722496,Lipstickindex
98.35287,-0.1706233588967651,Lipstickindex
98.53907,-0.0961446997577451,Lipstickindex
98.7452,-0.0514987446314807,Lipstickindex
98.89159,0.0080654096807902,Lipstickindex
98.95768,-0.0365805454454741,Lipstickindex
98.95599,-0.0663607754219807,Lipstickindex
98.92139,-0.0365936643559964,Lipstickindex
98.82849,-0.0812789746079874,Lipstickindex
98.77732,-0.0365936643559964,Lipstickindex
98.77785,-0.0812789746079874,Lipstickindex
98.82154,-0.0366067824635986,Lipstickindex
98.88181,-0.0217148202957164,Lipstickindex
98.89039,0.0676426821006635,Lipstickindex
98.8409,0.0378849947830236,Lipstickindex
98.90736,0.0080785277883924,Lipstickindex
99.02441,0.0229704899562746,Lipstickindex
99.13401,-0.0068265524870919,Lipstickindex
99.24032,-0.0514856265238785,Lipstickindex
99.38569,-0.0365936643559964,Lipstickindex
99.51501,-0.0812789746079874,Lipstickindex
99.6199,-0.0366199005712008,Lipstickindex
99.63353,-0.0217279384033186,Lipstickindex
99.58079,-0.0515249816496052,Lipstickindex
99.50854,-0.0515118627390829,Lipstickindex
99.53588,0.052737601825179,Lipstickindex
99.62159,0.1421213412396836,Lipstickindex
99.67623,0.0527507199327812,Lipstickindex
99.72331,0.0676295639930612,Lipstickindex
99.81053,0.0080916466989147,Lipstickindex
99.91844,0.0229573718486724,Lipstickindex
99.9707,-0.0068134343794897,Lipstickindex
99.98325,-0.0217148202957164,Lipstickindex
99.96016,0.0676426821006635,Lipstickindex
99.94144,0.0080654096807902,Lipstickindex
99.95289,-0.0217279384033186,Lipstickindex
100.0072,0.008052291573188,Lipstickindex
100.1152,0.1867672963659479,Lipstickindex
100.3015,0.320810109817239,Lipstickindex
100.5061,0.1569870663894412,Lipstickindex
100.6415,0.156973948281839,Lipstickindex
100.7004,0.2016592585338301,Lipstickindex
100.6971,0.0825178318016857,Lipstickindex
100.6304,0.1271900239460746,Lipstickindex
100.5792,0.0229704899562746,Lipstickindex
100.4717,0.0974229120771701,Lipstickindex
100.3844,0.1421082231320813,Lipstickindex
100.3574,0.1271900239460746,Lipstickindex
100.4646,0.2314263704027345,Lipstickindex
100.6011,0.2463445695887412,Lipstickindex
100.6466,0.2761772727985768,Lipstickindex
100.578,0.4399646554599055,Lipstickindex
100.4687,0.2910298798407324,Lipstickindex
100.4043,0.3208363468353635,Lipstickindex
100.4072,0.2762297460319058,Lipstickindex
100.4591,0.3059611971343411,Lipstickindex
100.4482,0.2761903909061791,Lipstickindex
100.369,0.3060005522600678,Lipstickindex
100.353,0.2315050806541879,Lipstickindex
100.3886,0.2166168128455635,Lipstickindex
100.4265,0.3059743152419433,Lipstickindex
100.4984,0.3358070192546991,Lipstickindex
100.5551,0.4252169948844079,Lipstickindex
100.5492,0.2762035098167014,Lipstickindex
100.5726,0.3059743152419433,Lipstickindex
100.6716,0.2166299309531657,Lipstickindex
100.7779,0.2315444357799146,Lipstickindex
100.8479,0.2017379687852835,Lipstickindex
100.8715,0.1719577388087768,Lipstickindex
100.9022,0.261328360115679,Lipstickindex
100.9646,0.1421869333835347,Lipstickindex
101.0394,0.1570920136590191,Lipstickindex
101.1279,0.1421869333835347,Lipstickindex
101.1537,0.246501990091648,Lipstickindex
101.1465,0.2912397735769681,Lipstickindex
101.1462,0.1571182506771436,Lipstickindex
101.1635,0.0975409774543503,Lipstickindex
101.1716,0.1273343263413792,Lipstickindex
101.1573,0.0528687853099614,Lipstickindex
101.1505,0.0230754372258525,Lipstickindex
101.1641,0.0230623191182503,Lipstickindex
101.1837,0.0081965931655725,Lipstickindex
101.1361,-0.0216098730261385,Lipstickindex
101.0653,-0.0365018351940207,Lipstickindex
100.9734,-0.0216098730261385,Lipstickindex
100.8683,0.0678132215140926,Lipstickindex
100.7913,0.1274655098261615,Lipstickindex
100.7627,0.082701489322717,Lipstickindex
100.828,0.082701489322717,Lipstickindex
100.9065,0.0082621853094237,Lipstickindex
100.9201,-0.0215442816852073,Lipstickindex
100.8882,-0.0513413241285739,Lipstickindex
100.7932,-0.0513282060209717,Lipstickindex
100.665,-0.0066560138765829,Lipstickindex
100.5145,-0.0065773036251295,Lipstickindex
100.4945,-0.0215573997928096,Lipstickindex
100.5689,-0.0513413241285739,Lipstickindex
100.712,0.0529868506871415,Lipstickindex
100.8151,0.1573412625209815,Lipstickindex
100.7446,0.1423443538864416,Lipstickindex
100.2593,0.1125641239099348,Lipstickindex
99.21815,-0.0810953170869561,Lipstickindex
98.10604,0.0083277774532749,Lipstickindex
97.75997,0.0232328577287593,Lipstickindex
97.96384,-0.0810166068355027,Lipstickindex
98.23829,-0.0511839036256671,Lipstickindex
98.49018,-0.0512494957695183,Lipstickindex
98.70477,-0.0959741611472361,Lipstickindex
98.78632,-0.0662295919371984,Lipstickindex
98.79976,0.0231410293697037,Lipstickindex
98.91467,0.0083540136684793,Lipstickindex
99.05409,-0.0363312965835117,Lipstickindex
99.32957,-0.0214918076489584,Lipstickindex
99.73615,-0.0661771187038695,Lipstickindex
100.0586,-0.0810428438536272,Lipstickindex
100.3027,0.8631128593480777,Lipstickindex
100.4537,1.1910719727639143,Lipstickindex
100.3535,1.2453190606584983,Lipstickindex
100.1148,1.201706105599288,Lipstickindex
99.95164,1.2059639349317963,Lipstickindex
99.76938,1.17015202105712,Lipstickindex
99.54403,1.2743883675137802,Lipstickindex
99.30601,1.1432048827314534,Lipstickindex
98.97307,0.0087213287105419,Lipstickindex
98.51152,-0.0360558107034248,Lipstickindex
97.96985,-0.0658622776980558,Lipstickindex
97.5761,-0.0064198831222227,Lipstickindex
97.20341,-0.0063674090859737,Lipstickindex
96.8323,-0.0509084177455802,Lipstickindex
96.63258,-0.0062493437087936,Lipstickindex
96.6407,-0.0210457831583624,Lipstickindex
96.66358,-0.021190085553667,Lipstickindex
96.7627,0.083095040579984,Lipstickindex
96.9458,0.981526550492137,Lipstickindex
97.21941,1.2538175326909784,Lipstickindex
97.52456,0.1874232153956996,Lipstickindex
97.77238,0.0978820554782884,Lipstickindex
97.93935,0.1274130365928326,Lipstickindex
98.14481,0.0976196877058037,Lipstickindex
98.32935,0.082701489322717,Lipstickindex
98.50545,0.1273605625565837,Lipstickindex
98.58678,0.1869378357793769,Lipstickindex
98.48763,0.1273605625565837,Lipstickindex
98.32858,0.0975934514905992,Lipstickindex
98.22819,0.1720626860783547,Lipstickindex
98.33882,0.3211118327154504,Lipstickindex
98.66457,0.5147712737123415,Lipstickindex
99.00814,0.2912528924874904,Lipstickindex
99.19379,0.3359513208470837,Lipstickindex
99.2499,0.2763871665348126,Lipstickindex
99.17113,0.2763478114090859,Lipstickindex
99.02784,0.2911873003436392,Lipstickindex
98.94792,0.2614201884747347,Lipstickindex
98.92973,0.1869509538869792,Lipstickindex
98.96976,0.246672528702157,Lipstickindex
99.04605,0.1870165460308303,Lipstickindex
99.12044,0.3508170467997614,Lipstickindex
99.1316,0.5743485461322148,Lipstickindex
99.0723,0.8127851265430724,Lipstickindex
100.8491,-0.9457430470771652,Maxiskirt
100.8355,-0.9457482027066464,Maxiskirt
100.7913,-0.9457430470771652,Maxiskirt
100.7505,-0.9457430470771652,Maxiskirt
100.7282,-0.9457430470771652,Maxiskirt
100.7717,-0.9457482027066464,Maxiskirt
100.8285,-0.9457533583361272,Maxiskirt
100.8303,-0.9457482027066464,Maxiskirt
100.8061,-0.9457430470771652,Maxiskirt
100.81,-0.9457378914476844,Maxiskirt
100.8644,-0.9457430470771652,Maxiskirt
100.9582,-0.9457430470771652,Maxiskirt
101.0323,-0.9457378914476844,Maxiskirt
101.011,-0.9457378914476844,Maxiskirt
100.8773,-0.9457430470771652,Maxiskirt
100.7314,-0.9457378914476844,Maxiskirt
100.6746,-0.9457430470771652,Maxiskirt
100.7139,-0.9457533583361272,Maxiskirt
100.6771,-0.9457482027066464,Maxiskirt
100.4738,-0.9457430470771652,Maxiskirt
100.2284,-0.9457430470771652,Maxiskirt
100.2087,-0.9457378914476844,Maxiskirt
100.4345,-0.9457378914476844,Maxiskirt
100.7531,-0.9457378914476844,Maxiskirt
100.9735,-0.9457378914476844,Maxiskirt
101.0192,-0.9457327358182032,Maxiskirt
100.9796,-0.9457378914476844,Maxiskirt
100.8748,-0.9457378914476844,Maxiskirt
100.7045,-0.9457378914476844,Maxiskirt
100.6121,-0.9457482027066464,Maxiskirt
100.5865,-0.9457430470771652,Maxiskirt
100.6138,-0.9457378914476844,Maxiskirt
100.7571,-0.9457327358182032,Maxiskirt
100.9613,-0.9457327358182032,Maxiskirt
101.0749,-0.9457378914476844,Maxiskirt
101.1291,-0.9457378914476844,Maxiskirt
101.1371,-0.9457327358182032,Maxiskirt
101.0739,-0.9457327358182032,Maxiskirt
100.9943,-0.9457378914476844,Maxiskirt
100.9702,-0.9457275801887224,Maxiskirt
100.9881,-0.9457327358182032,Maxiskirt
100.9631,-0.9457327358182032,Maxiskirt
100.9196,-0.9457378914476844,Maxiskirt
100.7676,-0.9457327358182032,Maxiskirt
100.5712,-0.9383470828044036,Maxiskirt
100.3328,-0.9457275801887224,Maxiskirt
100.0589,-0.8762990415692495,Maxiskirt
99.8483,-0.9457275801887224,Maxiskirt
99.63045,-0.9457224245592414,Maxiskirt
99.32162,-0.9457224245592414,Maxiskirt
98.95058,-0.8531408211315353,Maxiskirt
98.49242,-0.8531356658869464,Maxiskirt
98.04234,-0.8531356658869464,Maxiskirt
97.69081,-0.8762835750656988,Maxiskirt
97.58231,-0.8226124145684641,Maxiskirt
97.66558,-0.8531408211315353,Maxiskirt
97.67867,-0.8457603237472165,Maxiskirt
97.41298,-0.9457069580556904,Maxiskirt
97.16837,-0.9457172689297604,Maxiskirt
97.03234,-0.8762887303102876,Maxiskirt
96.9688,-0.8299877567081941,Maxiskirt
96.97824,-0.8068295362704798,Maxiskirt
97.20629,-0.8457448572436657,Maxiskirt
97.66534,-0.7762959740779276,Maxiskirt
98.12306,-0.8152164506805946,Maxiskirt
98.46567,-0.8152319171841453,Maxiskirt
98.68877,-0.8457654793766975,Maxiskirt
98.89773,-0.8457603237472165,Maxiskirt
99.11938,-0.8068346918999607,Maxiskirt
99.21873,-0.8994108617265272,Maxiskirt
99.24712,-0.8920406756011702,Maxiskirt
99.30729,-0.8531253546279844,Maxiskirt
99.37518,-0.8457397016141847,Maxiskirt
99.39132,-0.8225866368059513,Maxiskirt
99.38895,-0.8225814811764703,Maxiskirt
99.36604,-0.799428416368237,Maxiskirt
99.31453,-0.7762908184484467,Maxiskirt
99.26768,-0.7920685415018421,Maxiskirt
99.21994,-0.7920788527608041,Maxiskirt
99.23846,-0.8152216063100756,Maxiskirt
99.2652,-0.8457397016141847,Maxiskirt
99.30903,-0.8688772995339751,Maxiskirt
99.38902,-0.8688824551634561,Maxiskirt
99.42262,-0.8614916465201753,Maxiskirt
99.38183,-0.8078153307783518,Maxiskirt
99.27272,-0.7625207738171621,Maxiskirt
99.04582,-0.7477546234190435,Maxiskirt
98.91441,-0.6866874990339393,Maxiskirt
98.90597,-0.6719368155242637,Maxiskirt
98.82299,-0.69510534722094,Maxiskirt
98.58913,-0.695100191591459,Maxiskirt
98.31213,-0.6488247177802192,Maxiskirt
98.20346,-0.7034716391131308,Maxiskirt
98.21943,-0.7108263587349368,Maxiskirt
98.35287,-0.7866493222591977,Maxiskirt
98.53907,-0.7561054488076836,Maxiskirt
98.7452,-0.671900726502789,Maxiskirt
98.89159,-0.658145053243043,Maxiskirt
98.95768,-0.5759531649897404,Maxiskirt
98.95599,-0.4474692405198506,Maxiskirt
98.92139,-0.4337352852949329,Maxiskirt
98.82849,-0.4042339178906895,Maxiskirt
98.77732,-0.420987402164654,Maxiskirt
98.77785,-0.4874067233789343,Maxiskirt
98.82154,-0.471623566724399,Maxiskirt
98.88181,-0.5843194568819311,Maxiskirt
98.89039,-0.660147576035673,Maxiskirt
98.8409,-0.6601424204061921,Maxiskirt
98.90736,-0.5306531744274107,Maxiskirt
99.02441,-0.4337043515180471,Maxiskirt
99.13401,-0.2629350878770525,Maxiskirt
99.24032,-0.1059307132378617,Maxiskirt
99.38569,0.0047572205259006,Maxiskirt
99.51501,0.0268780901609331,Maxiskirt
99.6199,-0.0321607332841362,Maxiskirt
99.63353,-0.1650107817187789,Maxiskirt
99.58079,-0.2914558160180128,Maxiskirt
99.50854,-0.4568264829342866,Maxiskirt
99.53588,-0.4853328397037083,Maxiskirt
99.62159,-0.4917120756917121,Maxiskirt
99.67623,-0.3159167000964641,Maxiskirt
99.72331,-0.2337340275852191,Maxiskirt
99.81053,0.0433877016600115,Maxiskirt
99.91844,0.2741815832539476,Maxiskirt
99.9707,0.4405434778943413,Maxiskirt
99.98325,0.2519936908205545,Maxiskirt
99.96016,0.1107464167168352,Maxiskirt
99.94144,-0.00631559740545,Maxiskirt
99.95289,-0.2726341596416211,Maxiskirt
100.0072,-0.2622135110752236,Maxiskirt
100.1152,-0.4138556555979355,Maxiskirt
100.3015,-0.4054738968173018,Maxiskirt
100.5061,-0.1139644755040381,Maxiskirt
100.6415,-0.0770557374360588,Maxiskirt
100.7004,0.2188404299749895,Maxiskirt
100.6971,0.3147673693550064,Maxiskirt
100.6304,0.2906024539198372,Maxiskirt
100.5792,0.1704655726976699,Maxiskirt
100.4717,0.1124320707614921,Maxiskirt
100.3844,0.037630990766578,Maxiskirt
100.3574,-0.0307444525750033,Maxiskirt
100.4646,-0.1592074765553102,Maxiskirt
100.6011,-0.3813089817670247,Maxiskirt
100.6466,-0.33501316340952,Maxiskirt
100.578,0.0722873597074228,Maxiskirt
100.4687,0.2165321672385938,Maxiskirt
100.4043,0.536557978608582,Maxiskirt
100.4072,0.681804325122835,Maxiskirt
100.4591,0.5871903606425171,Maxiskirt
100.4482,0.5512364836904162,Maxiskirt
100.369,0.4458966862583611,Maxiskirt
100.353,0.3016507835951779,Maxiskirt
100.3886,0.1786232632912038,Maxiskirt
100.4265,0.0333978168816418,Maxiskirt
100.4984,-0.1665673514217052,Maxiskirt
100.5551,-0.2192272168504296,Maxiskirt
100.5492,0.342671739180829,Maxiskirt
100.5726,0.4174728191757429,Maxiskirt
100.6716,0.6626923953062283,Maxiskirt
100.7779,0.9290459510469696,Maxiskirt
100.8479,0.8374297975808707,Maxiskirt
100.8715,0.6763747946212284,Maxiskirt
100.9022,0.6394774633291155,Maxiskirt
100.9646,0.5026223689243208,Maxiskirt
101.0394,0.303771885096086,Maxiskirt
101.1279,0.326966194555275,Maxiskirt
101.1537,-0.0034995144104712,Maxiskirt
101.1465,-0.0414086963295201,Maxiskirt
101.1462,0.5519993055280927,Maxiskirt
101.1635,0.581521295065368,Maxiskirt
101.1716,0.8119684696513495,Maxiskirt
101.1573,0.8109672082550343,Maxiskirt
101.1505,0.8783734194940911,Maxiskirt
101.1641,0.8025092113188748,Maxiskirt
101.1837,0.8581820766786018,Maxiskirt
101.1361,0.6435023135021616,Maxiskirt
101.0653,0.4825401114882849,Maxiskirt
100.9734,0.2669003319513778,Maxiskirt
100.8683,-0.048773726825396,Maxiskirt
100.7913,-0.0941054683249646,Maxiskirt
100.7627,0.6687249239013855,Maxiskirt
100.828,0.7529193353322102,Maxiskirt
100.9065,0.9444460333155248,Maxiskirt
100.9201,1.074936540690621,Maxiskirt
100.8882,1.012857565678581,Maxiskirt
100.7932,1.0275773157962629,Maxiskirt
100.665,1.2452766076368578,Maxiskirt
100.5145,0.8444429654393109,Maxiskirt
100.4945,0.7224012396432087,Maxiskirt
100.5689,0.4141492012582605,Maxiskirt
100.712,0.0984740469645825,Maxiskirt
100.8151,-0.0015290205267392,Maxiskirt
100.7446,0.8002218483022777,Maxiskirt
100.2593,0.8770306067193026,Maxiskirt
99.21815,0.4076193572681886,Maxiskirt
98.10604,0.3149913535600455,Maxiskirt
97.75997,0.7842946131486104,Maxiskirt
97.96384,1.068449037253301,Maxiskirt
98.23829,1.1305328895382711,Maxiskirt
98.49018,1.0852434882065625,Maxiskirt
98.70477,0.792783543861656,Maxiskirt
98.78632,0.6234189605492219,Maxiskirt
98.79976,0.1614253934056974,Maxiskirt
98.91467,0.1771876495706499,Maxiskirt
99.05409,0.9558049805924532,Maxiskirt
99.32957,0.9779413171159288,Maxiskirt
99.73615,1.2389386162998095,Maxiskirt
100.0586,1.499950286855229,Maxiskirt
100.3027,1.430522026207415,Maxiskirt
100.4537,1.2684554502076038,Maxiskirt
100.3535,1.330523835989023,Maxiskirt
100.1148,1.3778418162324255,Maxiskirt
99.95164,1.1233379936605912,Maxiskirt
99.76938,1.278572234790757,Maxiskirt
99.54403,0.9040861426842955,Maxiskirt
99.30601,0.2531395030621509,Maxiskirt
98.97307,1.1085821545214345,Maxiskirt
98.51152,1.710566648538505,Maxiskirt
97.96985,1.9377928494543035,Maxiskirt
97.5761,1.541077486319936,Maxiskirt
97.20341,1.3212233054988771,Maxiskirt
96.8323,1.1443905794858402,Maxiskirt
96.63258,1.2138242733499018,Maxiskirt
96.6407,1.2296329301801834,Maxiskirt
96.66358,1.4031964482732178,Maxiskirt
96.7627,1.1384974903368417,Maxiskirt
96.9458,0.7348985993341564,Maxiskirt
97.21941,0.1669743201608274,Maxiskirt
97.52456,1.3753130839609409,Maxiskirt
97.77238,1.4750770775645816,Maxiskirt
97.93935,1.865558189126104,Maxiskirt
98.14481,1.76457963800098,Maxiskirt
98.32935,1.5318988402504112,Maxiskirt
98.50545,1.4161232049502828,Maxiskirt
98.58678,1.2151877086426144,Maxiskirt
98.48763,1.2098509790867733,Maxiskirt
98.32858,1.4258827546425128,Maxiskirt
98.22819,1.0939493493859465,Maxiskirt
98.33882,0.7566517892606389,Maxiskirt
98.66457,0.5091028831476692,Maxiskirt
99.00814,1.2437328256897615,Maxiskirt
99.19379,1.4040417858410812,Maxiskirt
99.2499,1.8111930478062817,Maxiskirt
99.17113,1.8480955347278756,Maxiskirt
99.02784,1.839530857655642,Maxiskirt
98.94792,1.7247748801265583,Maxiskirt
98.92973,1.727793035687042,Maxiskirt
98.96976,1.5205298593012877,Maxiskirt
99.04605,1.9833436097470964,Maxiskirt
99.12044,1.5378944309832137,Maxiskirt
99.1316,1.1700836532116192,Maxiskirt
99.0723,0.8666346589703807,Maxiskirt
100.8491,-1.4557903570829935,Bigbag
100.8355,-1.5052966676939816,Bigbag
100.7913,-0.8619470274189415,Bigbag
100.7505,-1.5052544135725625,Bigbag
100.7282,-1.5052755406332718,Bigbag
100.7717,-1.3567988629217267,Bigbag
100.8285,-1.059866634559346,Bigbag
100.8303,-0.9114110839085102,Bigbag
100.8061,-0.9114110839085102,Bigbag
100.81,-0.466053204897754,Bigbag
100.8644,-0.3670405836757777,Bigbag
100.9582,0.375300549414428,Bigbag
101.0323,-0.0206442988238278,Bigbag
101.011,-0.3670617107364874,Bigbag
100.8773,0.0288408847264506,Bigbag
100.7314,0.0288408847264506,Bigbag
100.6746,-0.0206231717631182,Bigbag
100.7139,-0.1691209765353731,Bigbag
100.6771,0.4247434801893883,Bigbag
100.4738,0.7217091883853366,Bigbag
100.2284,0.1278112518270076,Bigbag
100.2087,-0.0206442988238278,Bigbag
100.4345,-0.1196146659243851,Bigbag
100.7531,0.3258153658641497,Bigbag
100.9735,-0.4165257672260561,Bigbag
101.0192,-0.6639728120381585,Bigbag
100.9796,-0.3175554001254992,Bigbag
100.8748,-0.4165257672260561,Bigbag
100.7045,-0.3670405836757777,Bigbag
100.6121,-0.5649813178768919,Bigbag
100.5865,-0.3175131473501813,Bigbag
100.6138,-0.3669560767790405,Bigbag
100.7571,-0.268049089514511,Bigbag
100.9613,-0.5649813178768919,Bigbag
101.0749,-0.4165046401653465,Bigbag
101.1291,0.3258364929248593,Bigbag
101.1371,-0.5649601908161823,Bigbag
101.0739,-0.6144665014271705,Bigbag
100.9943,-0.5154750072659037,Bigbag
100.9702,-0.5154750072659037,Bigbag
100.9881,-0.6544497303428891,Bigbag
100.9631,-0.7503003446700341,Bigbag
100.9196,-0.354343140966718,Bigbag
100.7676,-0.1932746545035598,Bigbag
100.5712,-0.3912365157653836,Bigbag
100.3328,-0.4007384703999435,Bigbag
100.0589,-0.338576971201315,Bigbag
99.8483,0.202627940959378,Bigbag
99.63045,-0.249108560081419,Bigbag
99.32162,-0.357538629041218,Bigbag
98.95058,-0.103806243383664,Bigbag
98.49242,-0.2090619513296726,Bigbag
98.04234,-0.3975429836715448,Bigbag
97.69081,-0.2459341990676287,Bigbag
97.58231,-0.1932746545035598,Bigbag
97.66558,-0.0353382749327728,Bigbag
97.67867,-0.539713193476929,Bigbag
97.41298,-0.4934234966550491,Bigbag
97.16837,-0.2301665341699577,Bigbag
97.03234,0.060457731153994,Bigbag
96.9688,-0.4344363584702106,Bigbag
96.97824,-0.6355514523390138,Bigbag
97.20629,-0.539713193476929,Bigbag
97.66534,-0.3386192253227343,Bigbag
98.12306,-0.3386192253227343,Bigbag
98.46567,-0.2859808078193751,Bigbag
98.68877,-0.335444864308944,Bigbag
98.89773,-0.2827853197448752,Bigbag
99.11938,-0.4807894337820169,Bigbag
99.21873,-0.3912998956014112,Bigbag
99.24712,-0.3291791540458329,Bigbag
99.30729,0.0330678074682574,Bigbag
99.37518,-0.4744814707435877,Bigbag
99.39132,-0.5176601863877052,Bigbag
99.38895,-0.4155365853340674,Bigbag
99.36604,-0.3196983264719827,Bigbag
99.31453,-0.4650006431697376,Bigbag
99.26768,-0.4681538771228182,Bigbag
99.21994,-0.5608177763172142,Bigbag
99.23846,-0.4618262821559473,Bigbag
99.2652,-0.6198049145020523,Bigbag
99.30903,-0.567187624059403,Bigbag
99.38902,-0.4186686935725397,Bigbag
99.42262,-0.1491278840281633,Bigbag
99.38183,-0.4060557577602172,Bigbag
99.27272,-0.4586941752635763,Bigbag
99.04582,-0.3039321567065796,Bigbag
98.91441,-0.5144646996593066,Bigbag
98.90597,-0.455562067025104,Bigbag
98.82299,-0.4586941752635763,Bigbag
98.58913,-0.3533962131961483,Bigbag
98.31213,-0.211247130451474,Bigbag
98.20346,-0.455562067025104,Bigbag
98.21943,-0.498761909729931,Bigbag
98.35287,-0.1270960053457504,Bigbag
98.53907,0.3835853811045668,Bigbag
98.7452,-0.1828665297414805,Bigbag
98.89159,-0.1828876568021902,Bigbag
98.95768,-0.2292196063993882,Bigbag
98.95599,-0.1545070560921967,Bigbag
98.92139,-0.2197810302547546,Bigbag
98.82849,-0.2755093018751668,Bigbag
98.77732,-0.0681088658148106,Bigbag
98.77785,-0.1143985612905893,Bigbag
98.82154,-0.2997671186685323,Bigbag
98.88181,-0.4672069480061474,Bigbag
98.89039,-0.1144619424727182,Bigbag
98.8409,0.2540929834259022,Bigbag
98.90736,-0.2197387774794366,Bigbag
99.02441,-0.3619089872848207,Bigbag
99.13401,-0.2628963660628444,Bigbag
99.24032,-0.3618456061026917,Bigbag
99.38569,-0.2534140420106249,Bigbag
99.51501,-0.2966138847154517,Bigbag
99.6199,-0.2965716305940324,Bigbag
99.63353,-0.2839375677210003,Bigbag
99.58079,-0.2965927576547421,Bigbag
99.50854,-0.5009033409441466,Bigbag
99.53588,-0.1976223905541851,Bigbag
99.62159,0.2235483293087155,Bigbag
99.67623,-0.2997459916078226,Bigbag
99.72331,-0.3492311751581013,Bigbag
99.81053,-0.2934183966409519,Bigbag
99.91844,-0.435588606446336,Bigbag
99.9707,-0.2902651626878712,Bigbag
99.98325,-0.4450060541841585,Bigbag
99.96016,-0.3460356870836014,Bigbag
99.94144,-0.2375844924091942,Bigbag
99.95289,-0.4976867258089371,Bigbag
100.0072,-0.5040580700294952,Bigbag
100.1152,-0.3460779412050206,Bigbag
100.3015,0.1866987037637373,Bigbag
100.5061,-0.3492311751581013,Bigbag
100.6415,-0.4482437963800778,Bigbag
100.7004,-0.3923887637415089,Bigbag
100.6971,-0.4945546189165662,Bigbag
100.6304,-0.4387418403994165,Bigbag
100.5792,-0.5871973910502521,Bigbag
100.4717,-0.3829290618822671,Bigbag
100.3844,-0.4229334165125942,Bigbag
100.3574,-0.4324353724932553,Bigbag
100.4646,-0.5472141634806347,Bigbag
100.6011,-0.3797969549898962,Bigbag
100.6466,0.0171385702726166,Bigbag
100.578,-0.2713457589693875,Bigbag
100.4687,-0.3239841764727467,Bigbag
100.4043,-0.2650377959309584,Bigbag
100.4072,-0.354527334111564,Bigbag
100.4591,-0.2397696715309955,Bigbag
100.4482,-0.3545062083969557,Bigbag
100.369,-0.3018466638328869,Bigbag
100.353,-0.3018466638328869,Bigbag
100.3886,-0.4103401126287135,Bigbag
100.4265,-0.3208520695803758,Bigbag
100.4984,-0.2555358412963985,Bigbag
100.5551,0.1413559360585281,Bigbag
100.5492,-0.2524248601186359,Bigbag
100.5726,-0.3882463478964396,Bigbag
100.6716,-0.3882463478964396,Bigbag
100.7779,-0.2797936580897643,Bigbag
100.8479,-0.2734660631228934,Bigbag
100.8715,-0.3324124436646818,Bigbag
100.9022,-0.1744745689616268,Bigbag
100.9646,-0.2734449360621838,Bigbag
101.0394,-0.1250316395327675,Bigbag
101.1279,-0.2892759807958823,Bigbag
101.1537,0.0549999999025616,Bigbag
101.1465,0.4887640249954445,Bigbag
101.1462,-0.0840381030104516,Bigbag
101.1635,-0.1987972607232878,Bigbag
101.1716,-0.0997846408474129,Bigbag
101.1573,-0.1956229010555989,Bigbag
101.1505,-0.347189431538096,Bigbag
101.1641,-0.19555951987347,Bigbag
101.1837,-0.2418688472776904,Bigbag
101.1361,-0.1334599053786012,Bigbag
101.0653,-0.3008786090016077,Bigbag
100.9734,-0.3872979249936021,Bigbag
100.8683,0.0550211269632712,Bigbag
100.7913,0.1918317966330635,Bigbag
100.7627,-0.1177359897346174,Bigbag
100.828,-0.297725375048527,Bigbag
100.9065,-0.2756512422446948,Bigbag
100.9201,-0.331421766640425,Bigbag
100.8882,-0.328226278565925,Bigbag
100.7932,-0.3746004822845424,Bigbag
100.665,-0.2755667340018561,Bigbag
100.5145,-0.1608090714212876,Bigbag
100.4945,-0.2387156133246097,Bigbag
100.5689,-0.2851109441039366,Bigbag
100.712,-0.0934132966268548,Bigbag
100.8151,0.3530270441143781,Bigbag
100.7446,-0.0596957779742472,Bigbag
100.2593,-0.0871068287206936,Bigbag
99.21815,-0.6146222910479252,Bigbag
98.10604,-0.5525314494948071,Bigbag
97.75997,-0.455661754619314,Bigbag
97.96384,-0.2851109441039366,Bigbag
98.23829,-0.2040074176477453,Bigbag
98.49018,-0.2018026079436035,Bigbag
98.70477,-0.2450447034237486,Bigbag
98.78632,-0.1555551652431431,Bigbag
98.79976,-0.0997001326045743,Bigbag
98.91467,0.3287692273210126,Bigbag
99.05409,-0.0776471268614518,Bigbag
99.32957,-0.2418899743384,Bigbag
99.73615,-0.1639411783136586,Bigbag
100.0586,-0.09545058766979,Bigbag
100.3027,-0.08277427202144,Bigbag
100.4537,-0.2258280284152645,Bigbag
100.3535,-0.1078748777601963,Bigbag
100.1148,-0.0646327822800513,Bigbag
99.95164,-0.086620911708777,Bigbag
99.76938,-0.0899642878621431,Bigbag
99.54403,0.238753802067357,Bigbag
99.30601,0.3946755127881864,Bigbag
98.97307,0.1830255317930461,Bigbag
98.51152,0.2515372481515233,Bigbag
97.96985,0.1454176241994143,Bigbag
97.5761,1.638709917669476,Bigbag
97.20341,1.3688738764420807,Bigbag
96.8323,0.0369664281789058,Bigbag
96.63258,1.7862395279941448,Bigbag
96.6407,1.8855670175348864,Bigbag
96.66358,1.5437949008774492,Bigbag
96.7627,0.3117400154946157,Bigbag
96.9458,2.195071418013133,Bigbag
97.21941,2.7884925585633327,Bigbag
97.52456,1.9939759547266716,Bigbag
97.77238,1.871672365057564,Bigbag
97.93935,1.826601000357352,Bigbag
98.14481,2.0907176820989632,Bigbag
98.32935,1.9318989671320848,Bigbag
98.50545,1.825317937591,Bigbag
98.58678,1.856829294384708,Bigbag
98.48763,1.8451647767679185,Bigbag
98.32858,0.4350330757029353,Bigbag
98.22819,0.4254873718146884,Bigbag
98.33882,2.385790747292223,Bigbag
98.66457,2.7455380368075826,Bigbag
99.00814,2.177676066351497,Bigbag
99.19379,0.7288455512919044,Bigbag
99.2499,1.9459603593164725,Bigbag
99.17113,0.7225164611927656,Bigbag
99.02784,2.22623665567696,Bigbag
98.94792,2.2599556694618355,Bigbag
98.92973,2.461405264923948,Bigbag
98.96976,2.6710358358448363,Bigbag
99.04605,3.0612007859949,Bigbag
99.12044,1.6762751803025082,Bigbag
99.1316,3.2973374500731665,Bigbag
99.0723,5.059763745048968,Bigbag
100.8491,-1.1298266216366517,Highheelindex
100.8355,-1.433856687049389,Highheelindex
100.7913,-1.5899403898890565,Highheelindex
100.7505,-1.5314095885111931,Highheelindex
100.7282,-1.4810161273999272,Highheelindex
100.7717,-1.0799830658980147,Highheelindex
100.8285,-1.3464674077178111,Highheelindex
100.8303,-1.5118985384692227,Highheelindex
100.8061,-1.1970867207516094,Highheelindex
100.81,-0.6751966584735337,Highheelindex
100.8644,-1.258261934167751,Highheelindex
100.9582,-0.9912146006232496,Highheelindex
101.0323,-0.74388340639667,Highheelindex
101.011,-1.1103155715946806,Highheelindex
100.8773,-1.1277872534209463,Highheelindex
100.7314,-1.253593589013892,Highheelindex
100.6746,-1.3921925236752182,Highheelindex
100.7139,-1.4137405931848448,Highheelindex
100.6771,-0.9653614152454222,Highheelindex
100.4738,-1.035526458739079,Highheelindex
100.2284,-1.2556198708775217,Highheelindex
100.2087,-0.982835445819737,Highheelindex
100.4345,-0.7603525225320074,Highheelindex
100.7531,-0.6327696998118257,Highheelindex
100.9735,-0.945447127953449,Highheelindex
101.0192,-0.8370100818560563,Highheelindex
100.9796,-0.9540740333598312,Highheelindex
100.8748,-1.2838733050086628,Highheelindex
100.7045,-1.1638667499098936,Highheelindex
100.6121,-1.3364138535032506,Highheelindex
100.5865,-1.347943354540282,Highheelindex
100.6138,-1.1893199807410983,Highheelindex
100.7571,-0.9934590581149056,Highheelindex
100.9613,-0.7413494508188011,Highheelindex
101.0749,-0.9607924843334216,Highheelindex
101.1291,-0.8396595161167137,Highheelindex
101.1371,-0.9977695008200104,Highheelindex
101.0739,-0.8291406449003073,Highheelindex
100.9943,-1.1695614847107834,Highheelindex
100.9702,-1.220008344752994,Highheelindex
100.9881,-1.3722916273498451,Highheelindex
100.9631,-1.1543668973700898,Highheelindex
100.9196,-1.2144233732532457,Highheelindex
100.7676,-1.091767079279294,Highheelindex
100.5712,-0.9900484841554914,Highheelindex
100.3328,-0.8686683745649639,Highheelindex
100.0589,-0.8475313018205116,Highheelindex
99.8483,-0.6419042789324476,Highheelindex
99.63045,-0.8300572712461969,Highheelindex
99.32162,-0.9870031836152594,Highheelindex
98.95058,-0.9530657522872552,Highheelindex
98.49242,-1.032115884779665,Highheelindex
98.04234,-1.1356133157787522,Highheelindex
97.69081,-1.2516666374619023,Highheelindex
97.58231,-1.0380604143169478,Highheelindex
97.66558,-0.9004771316986261,Highheelindex
97.67867,-0.8206587931515567,Highheelindex
97.41298,-0.6396274890613999,Highheelindex
97.16837,-0.5658994469802696,Highheelindex
97.03234,-0.663191816101654,Highheelindex
96.9688,-0.7384488993216758,Highheelindex
96.97824,-0.7231058916897524,Highheelindex
97.20629,-0.8167381967298539,Highheelindex
97.66534,-0.8344704108965396,Highheelindex
98.12306,-1.0058994701161794,Highheelindex
98.46567,-1.085720157411298,Highheelindex
98.68877,-0.9581480722951432,Highheelindex
98.89773,-0.8742607170351406,Highheelindex
99.11938,-0.7425122006529608,Highheelindex
99.21873,-0.7289456801482732,Highheelindex
99.24712,-0.6878865605966762,Highheelindex
99.30729,-0.553350927266635,Highheelindex
99.37518,-0.717056621073707,Highheelindex
99.39132,-0.6995718528953658,Highheelindex
99.38895,-0.9326891260822904,Highheelindex
99.36604,-0.8151175008642759,Highheelindex
99.31453,-0.9057045053641456,Highheelindex
99.26768,-0.8403125481031096,Highheelindex
99.21994,-0.6752366664378783,Highheelindex
99.23846,-0.594396960466157,Highheelindex
99.2652,-0.5542675536125249,Highheelindex
99.30903,-0.3671302133417797,Highheelindex
99.38902,-0.4284612180195793,Highheelindex
99.42262,-0.2542343042480519,Highheelindex
99.38183,-0.4287086640079238,Highheelindex
99.27272,-0.4930946889444323,Highheelindex
99.04582,-0.5128508362266985,Highheelindex
98.91441,-0.3919807490984597,Highheelindex
98.90597,-0.6456173533999318,Highheelindex
98.82299,-0.9447208900664394,Highheelindex
98.58913,-0.9642319401084098,Highheelindex
98.31213,-0.7676101823979854,Highheelindex
98.20346,-0.8355418106185376,Highheelindex
98.21943,-0.305199880223054,Highheelindex
98.35287,-0.2571902988096463,Highheelindex
98.53907,-0.2289368646785049,Highheelindex
98.7452,-0.1776113421212248,Highheelindex
98.89159,-0.114414544337552,Highheelindex
98.95768,-0.1610562866408487,Highheelindex
98.95599,-0.163082568504478,Highheelindex
98.92139,-0.3493009336812847,Highheelindex
98.82849,-0.2361444922471368,Highheelindex
98.77732,-0.3732305341407207,Highheelindex
98.77785,-0.3011332122581702,Highheelindex
98.82154,-0.2720199173456827,Highheelindex
98.88181,-0.1138968462903103,Highheelindex
98.89039,-0.1401263473058714,Highheelindex
98.8409,0.0139334224182156,Highheelindex
98.90736,-0.1424108127618718,Highheelindex
99.02441,0.1002120283465044,Highheelindex
99.13401,0.0730692676186521,Highheelindex
99.24032,-0.0561288401999843,Highheelindex
99.38569,-0.2078910581159955,Highheelindex
99.51501,-0.0016113078560601,Highheelindex
99.6199,-0.1003303257856228,Highheelindex
99.63353,-0.0369753879922429,Highheelindex
99.58079,-0.0027774243238184,Highheelindex
99.50854,-0.098553838658387,Highheelindex
99.53588,0.0040706452072787,Highheelindex
99.62159,0.1132628110072558,Highheelindex
99.67623,-0.0358549948704766,Highheelindex
99.72331,0.0554928447136244,Highheelindex
99.81053,0.076885122961593,Highheelindex
99.91844,0.3254827818531199,Highheelindex
99.9707,-0.1221258412835939,Highheelindex
99.98325,-0.2318337449275072,Highheelindex
99.96016,-0.1928116448435659,Highheelindex
99.94144,-0.0523183956241664,Highheelindex
99.95289,0.0303001462228397,Highheelindex
100.0072,-0.143010141202798,Highheelindex
100.1152,-0.0074588558297528,Highheelindex
100.3015,0.0908548807162831,Highheelindex
100.5061,-0.005577627623755,Highheelindex
100.6415,-0.0104984409883374,Highheelindex
100.7004,-0.0311889984646667,Highheelindex
100.6971,0.0253178697976159,Highheelindex
100.6304,-0.0905796606238761,Highheelindex
100.5792,-0.1868694640543316,Highheelindex
100.4717,-0.1216178629548293,Highheelindex
100.3844,-0.0777739752034201,Highheelindex
100.3574,0.1045261422997326,Highheelindex
100.4646,0.0149547898428673,Highheelindex
100.6011,0.101623546669083,Highheelindex
100.6466,0.1222549898328199,Highheelindex
100.578,0.211837079893712,Highheelindex
100.4687,0.2690916968881507,Highheelindex
100.4043,0.3625836457667188,Highheelindex
100.4072,0.4100875975994107,Highheelindex
100.4591,0.3069497246378578,Highheelindex
100.4482,0.1074230225487348,Highheelindex
100.369,0.087052111725418,Highheelindex
100.353,0.1202287079691907,Highheelindex
100.3886,0.2750362264254338,Highheelindex
100.4265,0.3071055158995158,Highheelindex
100.4984,0.2108157124690602,Highheelindex
100.5551,0.271125349722208,Highheelindex
100.5492,0.2020790437615369,Highheelindex
100.5726,0.3897109713944462,Highheelindex
100.6716,0.3926135670250961,Highheelindex
100.7779,0.4073004806515498,Highheelindex
100.8479,0.365480526015721,Highheelindex
100.8715,0.2057367590947708,Highheelindex
100.9022,0.1990313944732561,Highheelindex
100.9646,0.1610330105620154,Highheelindex
101.0394,0.3663971523616105,Highheelindex
101.1279,0.2845417943468851,Highheelindex
101.1537,0.3137061394422687,Highheelindex
101.1465,0.2662021876095767,Highheelindex
101.1462,0.2729075522310915,Highheelindex
101.1635,0.2973451310192921,Highheelindex
101.1716,0.4658312820294129,Highheelindex
101.1573,0.5485414786031054,Highheelindex
101.1505,0.4677148589834597,Highheelindex
101.1641,0.16773837518353,Highheelindex
101.1837,0.3120320446457458,Highheelindex
101.1361,0.239074861981849,Highheelindex
101.0653,0.363599297809723,Highheelindex
100.9734,0.3130500454367989,Highheelindex
100.8683,0.31888983389532,Highheelindex
100.7913,0.4213692641033543,Highheelindex
100.7627,0.3433274126835207,Highheelindex
100.828,0.426037609257213,Highheelindex
100.9065,0.475578580557561,Highheelindex
100.9201,0.6607812936913634,Highheelindex
100.8882,0.5233464313642717,Highheelindex
100.7932,0.4134924561771773,Highheelindex
100.665,0.3335693765513457,Highheelindex
100.5145,0.4486070461914914,Highheelindex
100.4945,0.4768473939705571,Highheelindex
100.5689,0.4911821205299045,Highheelindex
100.712,0.4454570045724974,Highheelindex
100.8151,0.594679551528992,Highheelindex
100.7446,0.5623628160665656,Highheelindex
100.2593,0.6411678513186798,Highheelindex
99.21815,0.422390631528006,Highheelindex
98.10604,0.1643223904569933,Highheelindex
97.75997,0.2187898905035711,Highheelindex
97.96384,0.160259089125708,Highheelindex
98.23829,0.2693522292285708,Highheelindex
98.49018,0.363859830150143,Highheelindex
98.70477,0.4631892187391832,Highheelindex
98.78632,0.4747187197762148,Highheelindex
98.79976,0.4770031852322152,Highheelindex
98.91467,0.4097299997651815,Highheelindex
99.05409,0.6092543531062556,Highheelindex
99.32957,0.5946852669106395,Highheelindex
99.73615,0.8323127452417164,Highheelindex
100.0586,1.0163950652537528,Highheelindex
100.3027,0.9997832442088328,Highheelindex
100.4537,0.868190519088311,Highheelindex
100.3535,0.9763539464932084,Highheelindex
100.1148,0.9773753139178604,Highheelindex
99.95164,1.1818228293715658,Highheelindex
99.76938,1.2166768870454598,Highheelindex
99.54403,1.168151567788116,Highheelindex
99.30601,1.7226359474341588,Highheelindex
98.97307,1.6776693178129345,Highheelindex
98.51152,1.6979412029391363,Highheelindex
97.96985,2.254306810791177,Highheelindex
97.5761,2.320558628833559,Highheelindex
97.20341,2.000052076315056,Highheelindex
96.8323,1.2979735211630494,Highheelindex
96.63258,1.360325893265501,Highheelindex
96.6407,1.384757756672054,Highheelindex
96.66358,1.7634379012789343,Highheelindex
96.7627,1.644594096014325,Highheelindex
96.9458,1.361994272680376,Highheelindex
97.21941,1.560763506318866,Highheelindex
97.52456,1.3533542809219186,Highheelindex
97.77238,1.521741406234925,Highheelindex
97.93935,1.7614139681633538,Highheelindex
98.14481,2.2943445629181225,Highheelindex
98.32935,1.969930500329992,Highheelindex
98.50545,1.4673762985190604,Highheelindex
98.58678,1.3944191158551635,Highheelindex
98.48763,1.3536148132623382,Highheelindex
98.32858,1.5754504199453196,Highheelindex
98.22819,1.427230438679754,Highheelindex
98.33882,1.3484277521756884,Highheelindex
98.66457,1.3542732560158572,Highheelindex
99.00814,1.3027060028518798,Highheelindex
99.19379,2.4734115336226687,Highheelindex
99.2499,1.5646686676404449,Highheelindex
99.17113,1.8168863826489088,Highheelindex
99.02784,1.748850013349595,Highheelindex
98.94792,1.464330997978828,Highheelindex
98.92973,1.3961956029823994,Highheelindex
98.96976,1.4098611491842017,Highheelindex
99.04605,1.535406952436727,Highheelindex
99.12044,1.3871893199192098,Highheelindex
99.1316,1.4115352439807238,Highheelindex
99.0723,1.3616420856132698,Highheelindex
100.8491,-0.6034181220595345,Peplums
100.8355,-0.6034181220595345,Peplums
100.7913,-0.6034181220595345,Peplums
100.7505,-0.6034181220595345,Peplums
100.7282,-0.6034181220595345,Peplums
100.7717,-0.6034181220595345,Peplums
100.8285,-0.6034181220595345,Peplums
100.8303,-0.6034181220595345,Peplums
100.8061,-0.6034181220595345,Peplums
100.81,-0.6034181220595345,Peplums
100.8644,-0.6034181220595345,Peplums
100.9582,-0.6034181220595345,Peplums
101.0323,-0.6034181220595345,Peplums
101.011,-0.6034181220595345,Peplums
100.8773,-0.6034181220595345,Peplums
100.7314,-0.6034181220595345,Peplums
100.6746,-0.6034181220595345,Peplums
100.7139,-0.6034181220595345,Peplums
100.6771,-0.6034181220595345,Peplums
100.4738,-0.6034181220595345,Peplums
100.2284,-0.6034181220595345,Peplums
100.2087,-0.6034181220595345,Peplums
100.4345,-0.6034181220595345,Peplums
100.7531,-0.6034181220595345,Peplums
100.9735,-0.6034181220595345,Peplums
101.0192,-0.6034181220595345,Peplums
100.9796,-0.6034181220595345,Peplums
100.8748,-0.6034181220595345,Peplums
100.7045,-0.6034181220595345,Peplums
100.6121,-0.6034181220595345,Peplums
100.5865,-0.6034181220595345,Peplums
100.6138,-0.6034181220595345,Peplums
100.7571,-0.6034181220595345,Peplums
100.9613,-0.6034181220595345,Peplums
101.0749,-0.6034181220595345,Peplums
101.1291,-0.6034181220595345,Peplums
101.1371,-0.6034181220595345,Peplums
101.0739,-0.6034181220595345,Peplums
100.9943,-0.6034181220595345,Peplums
100.9702,-0.6034181220595345,Peplums
100.9881,-0.6034181220595345,Peplums
100.9631,-0.6034181220595345,Peplums
100.9196,-0.6034181220595345,Peplums
100.7676,-0.6034181220595345,Peplums
100.5712,-0.6034181220595345,Peplums
100.3328,-0.6034181220595345,Peplums
100.0589,-0.6034181220595345,Peplums
99.8483,-0.6034181220595345,Peplums
99.63045,-0.6034181220595345,Peplums
99.32162,-0.6034181220595345,Peplums
98.95058,-0.6034181220595345,Peplums
98.49242,-0.6034181220595345,Peplums
98.04234,-0.6034181220595345,Peplums
97.69081,-0.6034181220595345,Peplums
97.58231,-0.6034181220595345,Peplums
97.66558,-0.6034181220595345,Peplums
97.67867,-0.6034181220595345,Peplums
97.41298,-0.6034181220595345,Peplums
97.16837,-0.6034181220595345,Peplums
97.03234,-0.6034181220595345,Peplums
96.9688,-0.6034181220595345,Peplums
96.97824,-0.0902270555189833,Peplums
97.20629,-0.5723336116045755,Peplums
97.66534,-0.6034181220595345,Peplums
98.12306,-0.1543759388365522,Peplums
98.46567,-0.6034181220595345,Peplums
98.68877,-0.6034181220595345,Peplums
98.89773,-0.5567913563770961,Peplums
99.11938,-0.5567913563770961,Peplums
99.21873,-0.5723336116045755,Peplums
99.24712,-0.6034181220595345,Peplums
99.30729,-0.5723336116045755,Peplums
99.37518,-0.5567913563770961,Peplums
99.39132,-0.5412491011496166,Peplums
99.38895,-0.5723336116045755,Peplums
99.36604,-0.5567913563770961,Peplums
99.31453,-0.5567913563770961,Peplums
99.26768,-0.5567913563770961,Peplums
99.21994,-0.5567913563770961,Peplums
99.23846,-0.5567913563770961,Peplums
99.2652,-0.5567913563770961,Peplums
99.30903,-0.5567913563770961,Peplums
99.38902,-0.5567913563770961,Peplums
99.42262,-0.5412491011496166,Peplums
99.38183,-0.2365419053911644,Peplums
99.27272,-0.52569219723672,Peplums
99.04582,-0.2049477806488756,Peplums
98.91441,-0.1889105598194833,Peplums
98.90597,-0.1728733389900912,Peplums
98.82299,-0.3006907887087333,Peplums
98.58913,-0.1728733389900912,Peplums
98.31213,-0.4946076867817611,Peplums
98.20346,-0.2856288503977495,Peplums
98.21943,-0.2219749326820934,Peplums
98.35287,-0.2545443399427906,Peplums
98.53907,-0.4479662724139058,Peplums
98.7452,-0.1272218558260613,Peplums
98.89159,0.1234780362775124,Peplums
98.95768,0.0904136634149024,Peplums
98.95599,0.3581407075516938,Peplums
98.92139,0.3911904317288867,Peplums
98.82849,0.2623976994918362,Peplums
98.77732,0.3070739001374576,Peplums
98.77785,0.6510419722913252,Peplums
98.82154,1.1485113290540043,Peplums
98.88181,1.039191279488901,Peplums
98.89039,0.9424876375960526,Peplums
98.8409,0.9740671136529244,Peplums
98.90736,0.8963411888301096,Peplums
99.02441,1.0683252249070434,Peplums
99.13401,1.4001865036759868,Peplums
99.24032,1.2408042265858898,Peplums
99.38569,1.368607027619115,Peplums
99.51501,0.961960320268,Peplums
99.6199,0.7554416632081349,Peplums
99.63353,0.946898381957016,Peplums
99.58079,0.9303808442111282,Peplums
99.50854,0.7433348698232105,Peplums
99.53588,0.6174972825122195,Peplums
99.62159,0.5062120192248825,Peplums
99.67623,0.6194624962344535,Peplums
99.72331,0.6189675306325408,Peplums
99.81053,0.5999898135625061,Peplums
99.91844,0.8240159395720845,Peplums
99.9707,0.7146958900069813,Peplums
99.98325,0.3512551351811664,Peplums
99.96016,0.4644909635053205,Peplums
99.94144,0.0184039252083976,Peplums
99.95289,0.3517501007830791,Peplums
100.0072,0.2268877959904965,Peplums
100.1152,0.1496568367695949,Peplums
100.3015,-0.0904211587547926,Peplums
100.5061,0.085507953452026,Peplums
100.6415,0.1977684992577716,Peplums
100.7004,0.3075688657393704,Peplums
100.6971,0.2910366793080654,Peplums
100.6304,0.246360478662444,Peplums
100.5792,0.0719162632613634,Peplums
100.4717,0.1025204567998267,Peplums
100.3844,0.1195476088330444,Peplums
100.3574,0.1035103880036522,Peplums
100.4646,0.0889434152945811,Peplums
100.6011,-0.038379068822148,Peplums
100.6466,-0.069463579277107,Peplums
100.578,-0.0072799096817721,Peplums
100.4687,-0.0077748752836849,Peplums
100.4043,0.1030154224017395,Peplums
100.4072,0.0072870630272989,Peplums
100.4591,0.1992387473780928,Peplums
100.4482,0.0578442561542052,Peplums
100.369,0.0738814769835974,Peplums
100.353,0.010722524869854,Peplums
100.3886,-0.0373891376183225,Peplums
100.4265,-0.0368941720164098,Peplums
100.4984,-0.0684882967586985,Peplums
100.5551,-0.0995728072136575,Peplums
100.5492,-0.0524510759293063,Peplums
100.5726,-0.0048197303576253,Peplums
100.6716,0.0904136634149024,Peplums
100.7779,0.2979222516785928,Peplums
100.8479,0.1059559186423819,Peplums
100.8715,0.4762968945241413,Peplums
100.9022,0.4758019289222284,Peplums
100.9646,0.4131232937249809,Peplums
101.0394,0.1239583531940081,Peplums
101.1279,0.2357385820832579,Peplums
101.1537,0.1409855052272258,Peplums
101.1465,-0.0504712135216553,Peplums
101.1462,0.0933688083409619,Peplums
101.1635,0.1575176916585308,Peplums
101.1716,0.3961107903771801,Peplums
101.1573,0.5248888739288137,Peplums
101.1505,0.4928144322700291,Peplums
101.1641,0.5414210603601186,Peplums
101.1837,0.5414210603601186,Peplums
101.1361,0.2697782374642764,Peplums
101.0653,0.1580126572604435,Peplums
100.9734,0.1269134981200675,Peplums
100.8683,0.014652952314322,Peplums
100.7913,0.144420967069781,Peplums
100.7627,0.1274084637219803,Peplums
100.828,0.2386790783239004,Peplums
100.9065,0.398076004099414,Peplums
100.9201,0.3183848655543658,Peplums
100.8882,0.414608190530719,Peplums
100.7932,0.4316206938785198,Peplums
100.665,0.4476579147079119,Peplums
100.5145,0.303322927243382,Peplums
100.4945,0.2075945678689414,Peplums
100.5689,0.0958289876651086,Peplums
100.712,-0.0003943373112447,Peplums
100.8151,-0.0640629037123178,Peplums
100.7446,0.1118662084945008,Peplums
100.2593,0.0953340220631958,Peplums
99.21815,0.0977942013873426,Peplums
98.10604,0.0832272286782716,Peplums
97.75997,0.2265722849389761,Peplums
97.96384,0.2737086649087441,Peplums
98.23829,0.2732136993068316,Peplums
98.49018,0.1293736774442143,Peplums
98.70477,0.0176080972403814,Peplums
98.78632,0.0171131316384687,Peplums
98.79976,-0.1106896693947563,Peplums
98.91467,-0.1267268902241485,Peplums
99.05409,-0.0620976899900839,Peplums
99.32957,-0.0144663444184029,Peplums
99.73615,0.3373625826244004,Peplums
100.0586,0.4476579147079119,Peplums
100.3027,0.5764506469449625,Peplums
100.4537,0.336387300105992,Peplums
100.3535,0.2406442920461343,Peplums
100.1148,0.3533998034537926,Peplums
99.95164,0.0481976420934276,Peplums
99.76938,0.1283837462403887,Peplums
99.54403,0.0171131316384687,Peplums
99.30601,-0.0791101933378846,Peplums
98.97307,0.0968042701835171,Peplums
98.51152,0.2566815128755266,Peplums
97.96985,0.5599184605136576,Peplums
97.5761,0.5443762052861781,Peplums
97.20341,0.6731689375232287,Peplums
96.8323,0.6099953367240682,Peplums
96.63258,0.4015114659419692,Peplums
96.6407,0.4807222875705219,Peplums
96.66358,0.305288140965616,Peplums
96.7627,0.2251020368186548,Peplums
96.9458,0.0496825388991659,Peplums
97.21941,-0.0305035652477951,Peplums
97.52456,0.0812620149560376,Peplums
97.77238,0.2411392576480471,Peplums
97.93935,0.2727187337049188,Peplums
98.14481,0.6571317166938363,Peplums
98.32935,0.5298092325771071,Peplums
98.50545,0.5609083917174831,Peplums
98.58678,0.5613887086339788,Peplums
98.48763,0.5298092325771071,Peplums
98.32858,0.305288140965616,Peplums
98.22819,0.2897458857381365,Peplums
98.33882,0.113336456614822,Peplums
98.66457,-0.0781349108194761,Peplums
99.00814,0.3859692107144897,Peplums
99.19379,0.4010165003400565,Peplums
99.2499,0.5759556813430498,Peplums
99.17113,0.7212806000114054,Peplums
99.02784,0.8014667041583664,Peplums
98.94792,0.9307397533119126,Peplums
98.92973,0.7703675450179903,Peplums
98.96976,0.8821331252218233,Peplums
99.04605,0.7533550416701897,Peplums
99.12044,1.024997864566032,Peplums
99.1316,0.4180436523732742,Peplums
99.0723,0.3699319898850975,Peplums
100.8491,-0.8755766689117914,Blazers
100.8355,-0.8756066981242943,Blazers
100.7913,-0.8755916835180428,Blazers
100.7505,-0.8756217120672978,Blazers
100.7282,-0.8756217120672978,Blazers
100.7717,-0.8756517412798007,Blazers
100.8285,-0.8756066981242943,Blazers
100.8303,-0.8755466396992885,Blazers
100.8061,-0.8755466396992885,Blazers
100.81,-0.8754865819375307,Blazers
100.8644,-0.8754715673312792,Blazers
100.9582,-0.8754115095695214,Blazers
101.0323,-0.8755466396992885,Blazers
101.011,-0.8755316250930371,Blazers
100.8773,-0.8755316250930371,Blazers
100.7314,-0.8755916835180428,Blazers
100.6746,-0.8755766689117914,Blazers
100.7139,-0.8756217120672978,Blazers
100.6771,-0.8755916835180428,Blazers
100.4738,-0.8755316250930371,Blazers
100.2284,-0.8755466396992885,Blazers
100.2087,-0.8755166111500335,Blazers
100.4345,-0.8754865819375307,Blazers
100.7531,-0.8754565527250278,Blazers
100.9735,-0.8755766689117914,Blazers
101.0192,-0.8755616543055399,Blazers
100.9796,-0.8755916835180428,Blazers
100.8748,-0.8756217120672978,Blazers
100.7045,-0.8756367266735491,Blazers
100.6121,-0.8756517412798007,Blazers
100.5865,-0.8756517412798007,Blazers
100.6138,-0.8756217120672978,Blazers
100.7571,-0.8755916835180428,Blazers
100.9613,-0.8755466396992885,Blazers
101.0749,-0.8755466396992885,Blazers
101.1291,-0.875501596543782,Blazers
101.1371,-0.8756066981242943,Blazers
101.0739,-0.8756367266735491,Blazers
100.9943,-0.8756217120672978,Blazers
100.9702,-0.8756367266735491,Blazers
100.9881,-0.8756367266735491,Blazers
100.9631,-0.8756367266735491,Blazers
100.9196,-0.8756367266735491,Blazers
100.7676,-0.8756367266735491,Blazers
100.5712,-0.8756066981242943,Blazers
100.3328,-0.8756066981242943,Blazers
100.0589,-0.8755616543055399,Blazers
99.8483,-0.8755466396992885,Blazers
99.63045,-0.8756066981242943,Blazers
99.32162,-0.8755916835180428,Blazers
98.95058,-0.8756217120672978,Blazers
98.49242,-0.8756066981242943,Blazers
98.04234,-0.8756217120672978,Blazers
97.69081,-0.8755916835180428,Blazers
97.58231,-0.8756217120672978,Blazers
97.66558,-0.8756217120672978,Blazers
97.67867,-0.8756066981242943,Blazers
97.41298,-0.8755466396992885,Blazers
97.16837,-0.8755316250930371,Blazers
97.03234,-0.8754865819375307,Blazers
96.9688,-0.8755616543055399,Blazers
96.97824,-0.8755766689117914,Blazers
97.20629,-0.8755466396992885,Blazers
97.66534,-0.8755466396992885,Blazers
98.12306,-0.8755916835180428,Blazers
98.46567,-0.8755916835180428,Blazers
98.68877,-0.8755916835180428,Blazers
98.89773,-0.8755316250930371,Blazers
99.11938,-0.6767280109317151,Blazers
99.21873,-0.8754565527250278,Blazers
99.24712,-0.8754715673312792,Blazers
99.30729,-0.875366465750767,Blazers
99.37518,-0.875501596543782,Blazers
99.39132,-0.8755166111500335,Blazers
99.38895,-0.6766679531699573,Blazers
99.36604,-0.6767129969887116,Blazers
99.31453,-0.8755616543055399,Blazers
99.26768,-0.8756367266735491,Blazers
99.21994,-0.7165797657327323,Blazers
99.23846,-0.7164896787584715,Blazers
99.2652,-0.8755316250930371,Blazers
99.30903,-0.7163995917842108,Blazers
99.38902,-0.6964760765383081,Blazers
99.42262,-0.6567144093747997,Blazers
99.38183,-0.6567294233178033,Blazers
99.27272,-0.7363080924238619,Blazers
99.04582,-0.6567744671365576,Blazers
98.91441,-0.6169977847035498,Blazers
98.90597,-0.6368659664969066,Blazers
98.82299,-0.6767430255379666,Blazers
98.58913,-0.8755466396992885,Blazers
98.31213,-0.6368659664969066,Blazers
98.20346,-0.6964460479890533,Blazers
98.21943,-0.5770606679007318,Blazers
98.35287,-0.4776438462138194,Blazers
98.53907,0.2627024190404031,Blazers
98.7452,0.1527069441400082,Blazers
98.89159,0.2176586002860748,Blazers
98.95768,-0.5969541539341314,Blazers
98.95599,0.1726154447796594,Blazers
98.92139,-0.6169527415480435,Blazers
98.82849,-0.5573126022941387,Blazers
98.77732,-0.6368359372844036,Blazers
98.77785,-0.6367158217608879,Blazers
98.82154,0.1628276560032426,Blazers
98.88181,0.2026446572825449,Blazers
98.89039,0.0881578958916438,Blazers
98.8409,0.2379000240125436,Blazers
98.90736,0.06831974331079,Blazers
99.02441,0.0881578958916438,Blazers
99.13401,0.1827361566428937,Blazers
99.24032,0.0183820301682534,Blazers
99.38569,-0.6169076977292891,Blazers
99.51501,-0.636850951890655,Blazers
99.6199,-0.7164146063904622,Blazers
99.63353,-0.6566843801622969,Blazers
99.58079,0.0333966364196962,Blazers
99.50854,0.1580034464259188,Blazers
99.53588,0.1531095520377104,Blazers
99.62159,0.0537077449570494,Blazers
99.67623,0.0731432896402011,Blazers
99.72331,0.0585312912864604,Blazers
99.81053,0.06831974331079,Blazers
99.91844,0.1730180526773615,Blazers
99.9707,0.108066396531295,Blazers
99.98325,-0.6169527415480435,Blazers
99.96016,-0.736278063874607,Blazers
99.94144,-0.6367908941288973,Blazers
99.95289,0.0533051370593473,Blazers
100.0072,0.1230810027827377,Blazers
100.1152,0.1880326589288042,Blazers
100.3015,0.1734213238229765,Blazers
100.5061,0.0333966364196962,Blazers
100.6415,0.0934543981775543,Blazers
100.7004,0.2127647058978664,Blazers
100.6971,0.0934543981775543,Blazers
100.6304,0.0382905308079045,Blazers
100.5792,-0.6566993947685483,Blazers
100.4717,-0.6766229100144509,Blazers
100.3844,-0.6964010041702988,Blazers
100.3574,0.0979456846680606,Blazers
100.4646,0.2679285732675163,Blazers
100.6011,0.1734213238229765,Blazers
100.6466,0.1437947192177932,Blazers
100.578,0.1332010513980593,Blazers
100.4687,0.2232880256588029,Blazers
100.4043,0.2281819200470113,Blazers
100.4072,0.2431965262984541,Blazers
100.4591,0.1584067175715337,Blazers
100.4482,-0.6964010041702988,Blazers
100.369,-0.6566993947685483,Blazers
100.353,-0.676592880801948,Blazers
100.3886,0.1332010513980593,Blazers
100.4265,0.2882403450527824,Blazers
100.4984,0.1336043225436743,Blazers
100.5551,0.183541372438298,Blazers
100.5492,0.1535128231833254,Blazers
100.5726,0.1486182655472041,Blazers
100.6716,0.2232880256588029,Blazers
100.7779,0.2931342394409907,Blazers
100.8479,0.148215657649502,Blazers
100.8715,-0.6765328230401901,Blazers
100.9022,-0.6168776691800341,Blazers
100.9646,-0.0213646230522514,Blazers
101.0394,0.3129723920218445,Blazers
101.1279,0.41325042620462,Blazers
101.1537,0.3434042124224322,Blazers
101.1465,0.2886429529504845,Blazers
101.1462,0.1437947192177932,Blazers
101.1635,0.2631050269381053,Blazers
101.1716,0.3381773949474062,Blazers
101.1573,0.3527893933011468,Blazers
101.1505,0.2578085246521947,Blazers
101.1641,0.0731432896402011,Blazers
101.1837,-0.6168776691800341,Blazers
101.1361,0.0382905308079045,Blazers
101.0653,0.3625068340187661,Blazers
100.9734,0.5776038894313474,Blazers
100.8683,0.437982473173682,Blazers
100.7913,0.4383850810713842,Blazers
100.7627,0.3828186058040323,Blazers
100.828,0.377924048167911,Blazers
100.9065,0.4180739725340309,Blazers
100.9201,0.4927437326456299,Blazers
100.8882,0.4326853076398587,Blazers
100.7932,0.2228854177611008,Blazers
100.665,0.1129602909195034,Blazers
100.5145,0.1580034464259188,Blazers
100.4945,0.4180739725340309,Blazers
100.5689,0.572709995043139,Blazers
100.712,0.5926184956827901,Blazers
100.8151,0.6128592561613461,Blazers
100.7446,0.4176707013884159,Blazers
100.2593,0.6469764840091229,Blazers
99.21815,-0.5373290286232305,Blazers
98.10604,-0.5772258272430019,Blazers
97.75997,-0.5573426308433937,Blazers
97.96384,-0.5772108126367504,Blazers
98.23829,-0.5174355425898307,Blazers
98.49018,0.2172559923883727,Blazers
98.70477,0.4659973196922312,Blazers
98.78632,0.5715015081021197,Blazers
98.79976,0.3970273330121578,Blazers
98.91467,0.3921334386239496,Blazers
99.05409,0.3868362730901261,Blazers
99.32957,0.4765206394531677,Blazers
99.73615,0.6855146502886085,Blazers
100.0586,0.6908118158224319,Blazers
100.3027,0.6112481613226248,Blazers
100.4537,0.5061465808104383,Blazers
100.3535,0.7107203164620831,Blazers
100.1148,0.7609902894435244,Blazers
99.95164,1.2544546135172348,Blazers
99.76938,1.7832446523797412,Blazers
99.54403,1.659443058168923,Blazers
99.30601,1.4646577745416076,Blazers
98.97307,1.528400943746655,Blazers
98.51152,1.8526172469575164,Blazers
97.96985,2.226035732326395,Blazers
97.5761,2.1712047880435628,Blazers
97.20341,1.8916290324414144,Blazers
96.8323,1.2334079739953616,Blazers
96.63258,1.198082259206566,Blazers
96.6407,1.428596528768292,Blazers
96.66358,2.0360739950284907,Blazers
96.7627,2.1862187310470924,Blazers
96.9458,2.086816923966432,Blazers
97.21941,1.9276896149668172,Blazers
97.52456,1.7524102240814514,Blazers
97.77238,2.165575362670835,Blazers
97.93935,2.1703989090002462,Blazers
98.14481,2.1850102441060737,Blazers
98.32935,1.841288711401176,Blazers
98.50545,1.502057138690959,Blazers
98.58678,1.2130962022100955,Blazers
98.48763,1.4419993769331008,Blazers
98.32858,2.145263590885569,Blazers
98.22819,2.085608437025413,Blazers
98.33882,2.075488388410091,Blazers
98.66457,1.8266767130474355,Blazers
99.00814,1.6168768231686772,Blazers
99.19379,1.826274105149733,Blazers
99.2499,1.8709146527584464,Blazers
99.17113,1.9451811417244305,Blazers
99.02784,1.6660086572678967,Blazers
98.94792,1.088086784306171,Blazers
98.92973,0.9436411584711816,Blazers
98.96976,1.3222864613150862,Blazers
99.04605,2.1939928170870857,Blazers
99.12044,2.463851131971615,Blazers
99.1316,2.240245122782434,Blazers
99.0723,1.7369923466843935,Blazers
100.8491,-0.7420377710051854,Mini
100.8355,-0.7107008569820629,Mini
100.7913,-1.0242633424850434,Mini
100.7505,-0.9877866457521058,Mini
100.7282,-0.9513099490191684,Mini
100.7717,-0.4042078007396566,Mini
100.8285,-0.9513099490191684,Mini
100.8303,-0.465706299742799,Mini
100.8061,-1.097216735950918,Mini
100.81,-0.3080360375488876,Mini
100.8644,-1.097216735950918,Mini
100.9582,-0.9877866457521058,Mini
101.0323,-0.5613344873326069,Mini
101.011,-1.2066507948905347,Mini
100.8773,-0.844614601159062,Mini
100.7314,-0.8382493870777128,Mini
100.6746,-0.7716612076931871,Mini
100.7139,-0.4601270762492577,Mini
100.6771,-1.0607400392179809,Mini
100.4738,-0.0888867160729652,Mini
100.2284,-0.3532908594404531,Mini
100.2087,-0.1523197999345805,Mini
100.4345,-0.289916403749739,Mini
100.7531,-0.5692781856681841,Mini
100.9735,-0.7260381148755617,Mini
101.0192,-0.5636891680244803,Mini
100.9796,-0.926303600708942,Mini
100.8748,-0.2453407610369809,Mini
100.7045,-0.3724257766878458,Mini
100.6121,-0.3901750807203624,Mini
100.5865,-0.3695033398891767,Mini
100.6138,0.061818609634461,Mini
100.7571,-0.4421038682381763,Mini
100.9613,0.2344357060098948,Mini
101.0749,-0.1060580241573882,Mini
101.1291,-0.0105003316956726,Mini
101.1371,-0.563765978068505,Mini
101.0739,-0.3659981134270962,Mini
100.9943,-0.1890442693783219,Mini
100.9702,-0.0968980088054233,Mini
100.9881,-0.3123345419213478,Mini
100.9631,0.1511653085370067,Mini
100.9196,-0.2137086731369258,Mini
100.7676,-0.2480431192267908,Mini
100.5712,-0.1595987333667991,Mini
100.3328,-0.0075661228457248,Mini
100.0589,-0.2787122195079359,Mini
99.8483,-0.3556564527505289,Mini
99.63045,-0.2040346776980668,Mini
99.32162,-0.303565448338388,Mini
98.95058,-0.4155668879017649,Mini
98.49242,-0.3843502052470997,Mini
98.04234,-0.4286098462164037,Mini
97.69081,-0.4154642528853011,Mini
97.58231,-0.3210647413284538,Mini
97.66558,-0.2331981094287785,Mini
97.67867,-0.1712355090155567,Mini
97.41298,-0.0768905736242867,Mini
97.16837,-0.2745178360120882,Mini
97.03234,-0.2980353947303865,Mini
96.9688,-0.3365966666437526,Mini
96.97824,-0.3858186993881484,Mini
97.20629,-0.1043463181189536,Mini
97.66534,-0.2402222256925791,Mini
98.12306,-0.348437126171997,Mini
98.46567,-0.2199508504213806,Mini
98.68877,-0.4056375585217388,Mini
98.89773,-0.4006136378445345,Mini
99.11938,-0.0410931149908793,Mini
99.21873,-0.2538845051276235,Mini
99.24712,0.3012260066922982,Mini
99.30729,-0.4466235545695542,Mini
99.37518,-0.3253355067630665,Mini
99.39132,-0.5401548991739306,Mini
99.38895,-0.3607699248632049,Mini
99.36604,-0.3761360825640497,Mini
99.31453,-0.057445512482192,Mini
99.26768,1.304577408260014,Mini
99.21994,-0.2711128298568211,Mini
99.23846,-0.3556266340614618,Mini
99.2652,-0.438769530801033,Mini
99.30903,-0.1961708313185469,Mini
99.38902,-0.178632702558125,Mini
99.42262,-0.1455467998468402,Mini
99.38183,-0.4138861129581497,Mini
99.27272,-0.4667342839818851,Mini
99.04582,-0.4591217353155077,Mini
98.91441,-0.4544763639436587,Mini
98.90597,-0.3992002961916687,Mini
98.82299,-0.4194297862302899,Mini
98.58913,-0.4059212426914304,Mini
98.31213,-0.4813777568860817,Mini
98.20346,-0.3042513865684554,Mini
98.21943,-0.0575113010356447,Mini
98.35287,-0.3090206403221811,Mini
98.53907,-0.2001183230675712,Mini
98.7452,-0.491596529893626,Mini
98.89159,-0.3393707806092208,Mini
98.95768,-0.3759242624103591,Mini
98.95599,-0.2489312531685429,Mini
98.92139,-0.3856831962203962,Mini
98.82849,-0.2954185766070453,Mini
98.77732,-0.2332072168355793,Mini
98.77785,-0.3069860055488367,Mini
98.82154,-0.2705179555738243,Mini
98.88181,-0.2717739957191372,Mini
98.89039,-0.2709137006361307,Mini
98.8409,-0.2296516245396411,Mini
98.90736,-0.4713584834225918,Mini
99.02441,-0.6273308912461613,Mini
99.13401,-0.5335440835713072,Mini
99.24032,-0.4692263502796115,Mini
99.38569,-0.454148922951411,Mini
99.51501,-0.3373660399592144,Mini
99.6199,-0.4226283789087658,Mini
99.63353,-0.3277052289083033,Mini
99.58079,-0.4757916643173863,Mini
99.50854,-0.3460254048884141,Mini
99.53588,-0.2280041783961902,Mini
99.62159,-0.3552191927790091,Mini
99.67623,-0.2800053215925248,Mini
99.72331,-0.33474704181739,Mini
99.81053,-0.4648575196053128,Mini
99.91844,-0.2913947932447681,Mini
99.9707,-0.2926711763681519,Mini
99.98325,-0.0755190587985005,Mini
99.96016,-0.250715066258058,Mini
99.94144,-0.0568828993866286,Mini
99.95289,-0.3022521528886406,Mini
100.0072,-0.2254019982300985,Mini
100.1152,-0.4204729692504307,Mini
100.3015,-0.2383382773531984,Mini
100.5061,-0.3652717047171514,Mini
100.6415,-0.5754583084488238,Mini
100.7004,-0.2907947474897025,Mini
100.6971,-0.4749449313790787,Mini
100.6304,-0.3169545484559696,Mini
100.5792,-0.4808200898185417,Mini
100.4717,-0.454371222981507,Mini
100.3844,-0.1928639479224057,Mini
100.3574,-0.2649404194375418,Mini
100.4646,-0.2549352997021685,Mini
100.6011,-0.3242391126135661,Mini
100.6466,-0.2361313409915073,Mini
100.578,-0.4439860985790486,Mini
100.4687,-0.606361437786283,Mini
100.4043,-0.4584964734542249,Mini
100.4072,-0.3650286585795483,Mini
100.4591,-0.4207257297586897,Mini
100.4482,-0.517313989741817,Mini
100.369,-0.44306258057254,Mini
100.353,-0.5854253131265693,Mini
100.3886,-0.4756849851258474,Mini
100.4265,-0.2770926549970832,Mini
100.4984,-0.4182600822984449,Mini
100.5551,-0.3237493792927208,Mini
100.5492,-0.3906146668684488,Mini
100.5726,-0.4593051995752476,Mini
100.6716,-0.4097582562464519,Mini
100.7779,-0.3644548659021818,Mini
100.8479,-0.4375644257756584,Mini
100.8715,-0.4890008837014272,Mini
100.9022,-0.2328588639760419,Mini
100.9646,-0.4748594995529527,Mini
101.0394,-0.3340490718690534,Mini
101.1279,-0.3029289837119071,Mini
101.1537,-0.3232811882263818,Mini
101.1465,-0.2711481903413208,Mini
101.1462,-0.4178556904782136,Mini
101.1635,-0.4485247907593587,Mini
101.1716,-0.468392308274304,Mini
101.1573,-0.3949142816519601,Mini
101.1505,-0.2214562333085359,Mini
101.1641,-0.3598343751384271,Mini
101.1837,-0.2908368312881346,Mini
101.1361,-0.3347167624794469,Mini
101.0653,-0.3392307726175175,Mini
100.9734,-0.2448530594004711,Mini
100.8683,-0.29747425237699,Mini
100.7913,-0.2719317003561263,Mini
100.7627,-0.5649371447954665,Mini
100.828,-0.449142039704762,Mini
100.9065,-0.4699119032950737,Mini
100.9201,-0.3800203185834997,Mini
100.8882,-0.3637902247540095,Mini
100.7932,-0.348564568499816,Mini
100.665,-0.3756306842822539,Mini
100.5145,-0.4284142599128825,Mini
100.4945,-0.2547939192408607,Mini
100.5689,-0.037325818239448,Mini
100.712,-0.3452894856422324,Mini
100.8151,-0.2505270897409803,Mini
100.7446,-0.4753913166722301,Mini
100.2593,-0.4373910561777187,Mini
99.21815,-0.7330346158222951,Mini
98.10604,-0.5222060811029802,Mini
97.75997,-0.390648194234468,Mini
97.96384,-0.247880418103331,Mini
98.23829,-0.2386866302127358,Mini
98.49018,-0.3234859901770468,Mini
98.70477,-0.2551350881375898,Mini
98.78632,0.0407697884476586,Mini
98.79976,-0.2925741386473918,Mini
98.91467,-0.3561169511627671,Mini
99.05409,-0.3544270360062788,Mini
99.32957,-0.1540414498830756,Mini
99.73615,-0.2859907924662079,Mini
100.0586,-0.1332383478181116,Mini
100.3027,0.0665418841456891,Mini
100.4537,-0.1672653569408481,Mini
100.3535,-0.0669356098906257,Mini
100.1148,0.0069200542163447,Mini
99.95164,0.3126449847188805,Mini
99.76938,0.6642454468498622,Mini
99.54403,0.4251867978339479,Mini
99.30601,0.5616323635843526,Mini
98.97307,0.186459099921378,Mini
98.51152,0.752714707163326,Mini
97.96985,0.8984809425868389,Mini
97.5761,1.0506086594376307,Mini
97.20341,0.9477260208715246,Mini
96.8323,0.8866404830585947,Mini
96.63258,1.0281140136612792,Mini
96.6407,1.090406293001533,Mini
96.66358,1.4249548992983232,Mini
96.7627,1.585699610337839,Mini
96.9458,1.3474874956943774,Mini
97.21941,1.3254419910630706,Mini
97.52456,1.238462834287278,Mini
97.77238,1.4386473677457987,Mini
97.93935,1.7119056263319437,Mini
98.14481,1.84774258989487,Mini
98.32935,1.704885446002875,Mini
98.50545,1.9283357698498949,Mini
98.58678,2.5207161124627038,Mini
98.48763,2.441686507892682,Mini
98.32858,2.5285032820143645,Mini
98.22819,3.0061662806249503,Mini
98.33882,2.462816665735289,Mini
98.66457,2.464415032715574,Mini
99.00814,1.991937779028528,Mini
99.19379,2.112404105439344,Mini
99.2499,2.510142659134634,Mini
99.17113,3.144859116524622,Mini
99.02784,3.1837106222147784,Mini
98.94792,3.176358027987249,Mini
98.92973,3.115902156052597,Mini
98.96976,2.9986194222394627,Mini
99.04605,3.596910998980432,Mini
99.12044,4.190257961294431,Mini
99.1316,3.167797763501256,Mini
99.0723,2.906675080800848,Mini
